PLAYER_ID,player_id,NAME,team_id,POSITION,position5,height_in,is_starter,ST_MIN,BE_MIN,AGE,GP,MIN,FGM,FGA,FG3M,FG3A,FTM,FTA,OREB,DREB,REB,AST,TOV,STL,BLK,PF,PTS,USG_PCT,OREB_PCT,ENDP_FG3_PCT,ENDP_FT_PCT,own_poss,min_pg,def_poss_pg,two_pt_pct_raw,three_pt_pct_raw,ft_pct_raw,two_pt_pct,three_pt_pct,ft_pct,turnover_rate,foul_rate,rebound_rate,assist_rate,steal_rate,block_rate,stamina,clutch_factor,usage_rate
1641708,amen_thompson,Amen Thompson,hou,G-F,PG,79.0,True,2953.15,0.0,23.0,79,2953.15,557,1044,25,116,304,390,235,379,614,420,190,119,48,175,1443,0.195,0.078,0.216,0.779,1405.6,37.381645569620254,88.17165179239136,0.5732758620689655,0.216,0.779,0.5730281759601578,0.22695603469484968,0.779571389004293,0.13517359134889015,0.025123606378993548,0.078,0.14803798094075474,0.017084052337715615,0.006891046321095374,0.992677381745503,0.45255803470813616,0.195
201142,kevin_durant,Kevin Durant,hou,F,SF,83.0,True,2839.8233333333333,0.0,37.0,78,2839.8233333333333,716,1376,186,450,408,467,41,385,426,372,246,62,71,142,2026,0.263,0.014,0.413,0.874,1827.48,36.40799145299145,85.87510517360388,0.572354211663067,0.413,0.874,0.5721158430028077,0.41216621819902405,0.871757978200665,0.1346115962965395,0.021199541087402428,0.014,0.14116863042733777,0.009256137657879934,0.010599770543701214,0.9661472672064778,0.5167735899492114,0.263
1630217,desmond_bane,Desmond Bane,orl,G,SG,78.0,True,2756.045,0.0,28.0,82,2756.045,583,1205,167,427,314,346,98,240,338,338,164,86,37,252,1647,0.224,0.034,0.391,0.908,1521.24,33.61030487804878,79.27623445105428,0.5347043701799485,0.391,0.908,0.5348990216378527,0.3903809161820391,0.9040127966340371,0.10780678919828561,0.03876534692884177,0.034,0.12158273381294964,0.01322944379317616,0.005691737445901371,0.948016768292683,0.2617769099340981,0.224
1641739,toumani_camara,Toumani Camara,por,F,PF,79.0,True,2731.2366666666667,0.0,26.0,82,2731.2366666666667,392,891,219,592,97,137,129,292,421,201,144,94,35,237,1100,0.16,0.043,0.37,0.708,1095.28,33.307764227642274,78.5626353444819,0.5785953177257525,0.37,0.708,0.5776712914259805,0.36976156207898847,0.7131194258620218,0.13147323058943833,0.03678903959580615,0.043,0.06795131845841786,0.014591433426184715,0.005432980531026224,0.9444340500641849,0.3800448933782267,0.16
1631095,jabari_smith_jr,Jabari Smith Jr.,hou,F,PF,83.0,True,2705.365,0.0,23.0,77,2705.365,438,975,177,488,162,209,108,421,529,143,105,56,71,192,1215,0.179,0.039,0.363,0.775,1171.96,35.13461038961039,82.87159609826489,0.5359342915811088,0.363,0.775,0.5362181671038793,0.3626434947219901,0.7754728566288458,0.0895935014846923,0.03008879532801349,0.039,0.04982260840007648,0.008775898637337269,0.011126585772338321,0.9660677546138072,0.34663650075414787,0.179
1628969,mikal_bridges,Mikal Bridges,nyk,G-F,SF,78.0,True,2691.935,0.0,29.0,82,2691.935,472,963,156,420,81,98,79,233,312,304,83,107,62,160,1181,0.17,0.029,0.371,0.827,1089.12,32.8284756097561,77.4321428666799,0.58195211786372,0.371,0.827,0.5813750977407378,0.37115455900360717,0.8224866259418261,0.07620831496988395,0.025199089679781524,0.029,0.10039630118890358,0.016851891223353895,0.00976464725091534,0.9387582637997434,0.48907580477673934,0.17
1630567,scottie_barnes,Scottie Barnes,tor,F-G,PF,80.0,True,2680.776666666666,0.0,24.0,80,2680.776666666666,569,1123,68,224,242,297,149,451,600,474,210,114,116,211,1448,0.226,0.055,0.304,0.815,1463.68,33.50970833333333,79.0389585532972,0.557285873192436,0.304,0.815,0.5572061925749483,0.3059677793656028,0.8137737967482646,0.1434739833843463,0.03336961984666704,0.055,0.16685698585914088,0.018029083708625795,0.018345383422812212,0.9468254934210527,0.5309171861086377,0.226
1630178,tyrese_maxey,Tyrese Maxey,phi,G,PG,74.0,True,2661.1183333333333,0.0,25.0,70,2661.1183333333333,694,1501,220,599,372,417,24,266,290,461,171,130,55,151,1980,0.286,0.008,0.367,0.892,1855.48,38.01597619047619,89.6678400358756,0.5254988913525499,0.367,0.892,0.5257680143098991,0.3671534653063236,0.8895282332592909,0.09215944122275638,0.024057040476048005,0.008,0.20698453721144155,0.020711359350240006,0.008762498186640003,1.0,0.5045760738632158,0.286
1627750,jamal_murray,Jamal Murray,den,G,PG,76.0,True,2651.891666666667,0.0,29.0,75,2651.891666666667,657,1360,245,563,346,390,32,298,330,535,171,66,29,131,1905,0.269,0.013,0.435,0.887,1702.6,35.35855555555556,83.39981295152066,0.5169385194479298,0.435,0.887,0.5173487348830582,0.4338507161807174,0.884571389004293,0.10043462939034419,0.02094329237503187,0.013,0.2051188539153528,0.010551582417954987,0.00463630136546507,0.9687197368421054,0.5773017902813299,0.269
1628401,derrick_white,Derrick White,bos,G,SG,76.0,True,2624.9566666666665,0.0,31.0,77,2624.9566666666665,437,1108,209,640,184,204,86,253,339,414,134,88,98,119,1267,0.216,0.032,0.327,0.902,1331.76,34.09034632034632,80.40850260702261,0.48717948717948717,0.327,0.902,0.4884946214448284,0.32707147749469395,0.8963951196341926,0.1006187301015198,0.019220038868371744,0.032,0.14742181189692458,0.014213137986695072,0.015828267303364965,0.9537014695830486,0.5574007220216606,0.216
1642845,vj_edgecombe,VJ Edgecombe,phi,G,SG,76.0,True,2623.305,0.0,20.0,75,2623.305,451,1030,149,421,148,181,122,301,423,315,137,107,39,214,1199,0.196,0.044,0.354,0.818,1246.64,34.977399999999996,82.50078578428185,0.49589490968801314,0.354,0.818,0.496769675364504,0.354052112230977,0.8158563120508755,0.10989539883206056,0.034585529170522815,0.044,0.11758653968716427,0.017292764585261407,0.006302970269394344,0.964206052631579,0.7743300970873788,0.196
203944,julius_randle,Julius Randle,min,F-C,PF,81.0,True,2610.2966666666666,0.0,31.0,79,2610.2966666666666,580,1207,109,346,398,496,132,400,532,398,217,86,18,223,1667,0.258,0.05,0.315,0.802,1642.24,33.041729957805906,77.9351434123472,0.5470383275261324,0.315,0.802,0.54707282324986,0.3162821920549187,0.8020327185804688,0.13213659392049884,0.036219665308004946,0.05,0.14279901113566257,0.013968122047033299,0.0029235604284488298,0.9412836442371753,0.4257000828500414,0.258
1627742,brandon_ingram,Brandon Ingram,tor,F,SF,80.0,True,2603.863333333333,0.0,28.0,77,2603.863333333333,614,1288,135,353,292,356,63,367,430,284,187,58,55,148,1655,0.264,0.024,0.382,0.82,1631.64,33.81640692640692,79.76236495078543,0.5122994652406417,0.382,0.82,0.5126988667202412,0.3818084307756228,0.8192037038298284,0.11460861464538745,0.024097554319808256,0.024,0.10645115579589243,0.00944363615235729,0.008955172213442258,0.9504574504442925,0.3344626388104649,0.264
1629638,nickeil_alexander_walker,Nickeil Alexander-Walker,atl,G,SG,77.0,True,2388.193333333333,214.9833333333333,27.0,78,2603.1766666666667,548,1195,251,629,277,307,52,216,268,286,162,102,42,173,1624,0.23,0.019,0.399,0.902,1492.08,33.37405982905983,78.71900600699513,0.5247349823321554,0.399,0.902,0.5251743559906736,0.39842951544843674,0.8985127936962688,0.10857326684896253,0.028175517329977803,0.019,0.10025906957257795,0.016612154726345293,0.006840299004965709,0.9452191295546559,0.3898627321441679,0.23
1628973,jalen_brunson,Jalen Brunson,nyk,G,PG,74.0,True,2589.806666666667,0.0,29.0,74,2589.806666666667,689,1475,195,528,354,421,31,216,247,503,175,57,8,170,1927,0.296,0.012,0.369,0.841,1835.24,34.99738738738739,82.54792980199713,0.5216473072861668,0.369,0.841,0.5219440219964765,0.36913840217760424,0.8395094097487638,0.09535537586364726,0.027829859607717475,0.012,0.20368193894381295,0.009331188221411152,0.001309640452127881,0.964442745376956,0.5413724679619677,0.296
1630202,payton_pritchard,Payton Pritchard,bos,G,PG,73.0,True,1640.3366666666666,915.1866666666666,28.0,79,2555.523333333333,506,1091,212,562,121,136,69,243,312,408,109,58,10,118,1345,0.21,0.026,0.377,0.89,1259.84,32.34839662447257,76.299786158508,0.555765595463138,0.377,0.89,0.5556594230994953,0.3769168887614529,0.8823873671350495,0.08651892303784608,0.019576344329103913,0.026,0.14449838467252907,0.009622270941423958,0.0016590122312799928,0.9330731179213858,0.43620531622364805,0.21
1642851,kon_knueppel,Kon Knueppel,cha,G-F,SF,78.0,True,2520.5066666666667,30.24,20.0,81,2550.7466666666664,515,1084,273,642,195,226,97,335,432,274,161,57,19,169,1498,0.216,0.036,0.425,0.863,1344.44,31.490699588477362,74.2767461545496,0.5475113122171946,0.425,0.863,0.547567320908469,0.42422769995636667,0.8594430322106662,0.11975246199160988,0.028089810891084952,0.036,0.0978200768872422,0.009474078229537528,0.0031580260765125094,0.922916179337232,0.22383763837638376,0.216
1630552,jalen_johnson,Jalen Johnson,atl,F,SF,80.0,True,2531.5983333333334,0.0,24.0,72,2531.5983333333334,600,1228,120,341,301,382,101,639,740,566,244,89,31,151,1621,0.264,0.038,0.352,0.788,1640.08,35.16108796296297,82.93404844198535,0.5411499436302142,0.352,0.788,0.5412490847833088,0.3521266677252167,0.7878279479635643,0.14877323057411834,0.025287831254123413,0.038,0.2229202689721422,0.01490474822262903,0.005191541515747191,0.9663813048245615,0.5540513029315961,0.264
1630700,dyson_daniels,Dyson Daniels,atl,G,SG,79.0,True,2519.54,0.0,23.0,76,2519.54,402,777,22,117,75,122,184,336,520,449,135,149,31,166,901,0.157,0.071,0.188,0.615,965.68,33.15184210526316,78.19486365140494,0.5757575757575758,0.188,0.615,0.5753737747024298,0.20154693205945717,0.6274890575887667,0.1397978626460111,0.027932915594725834,0.071,0.15422056162455602,0.025072315804904512,0.005216387852027113,0.9425876038781165,0.4791505791505792,0.157
1631094,paolo_banchero,Paolo Banchero,orl,F,PF,82.0,True,2501.685,0.0,23.0,72,2501.685,529,1152,84,275,457,590,85,519,604,373,222,51,40,144,1599,0.274,0.034,0.305,0.775,1633.6,34.745625,81.95410079268292,0.507411630558723,0.305,0.775,0.5078922537211138,0.30735600130368795,0.7747142593361953,0.13589618021547503,0.024403903900542402,0.034,0.15388562976081463,0.008643049298108768,0.006778862194595112,0.9614613486842105,0.10659722222222223,0.274
1628978,donte_divincenzo,Donte DiVincenzo,min,G,SG,76.0,True,2494.036666666667,0.0,29.0,82,2494.036666666667,339,835,244,644,78,105,67,269,336,313,118,104,34,197,1000,0.164,0.026,0.379,0.743,999.2,30.41508130081301,71.73969783374095,0.4973821989528796,0.379,0.743,0.5000021345802387,0.37858785989533805,0.7463352661018888,0.11809447558046436,0.033488279110932044,0.026,0.0991761723700887,0.01767909151033976,0.005779702993764921,0.9101785943517331,0.45401197604790416,0.164
1627759,jaylen_brown,Jaylen Brown,bos,G-F,SF,78.0,True,2442.838333333333,0.0,29.0,71,2442.838333333333,736,1543,140,404,426,536,81,411,492,364,259,72,27,191,2038,0.351,0.032,0.347,0.795,2037.84,34.406173708920186,81.15344098807843,0.5232660228270413,0.347,0.795,0.5234990679291801,0.3468513535544712,0.7945577941423392,0.12709535586699644,0.0331488204605595,0.032,0.16131961259079902,0.012495890435394159,0.004685958913272809,0.9574415307635286,0.4415366459987813,0.351
201935,james_harden,James Harden,cle,G,PG,77.0,True,2438.495,0.0,36.0,70,2438.495,487,1123,215,573,463,524,40,296,336,557,245,79,28,137,1652,0.279,0.017,0.375,0.884,1598.56,34.83564285714286,82.16642486333721,0.49454545454545457,0.375,0.884,0.49553648044755,0.3749510469494873,0.8817014149844892,0.1532629366429787,0.02381925294179542,0.017,0.2186970303477203,0.013735189652568161,0.004868168484454538,0.9525273496240603,0.5660136539032354,0.279
201942,demar_derozan,DeMar DeRozan,sac,G-F,PF,78.0,True,2405.515,0.0,36.0,77,2405.515,499,1005,47,147,374,431,35,191,226,316,96,80,23,149,1419,0.222,0.015,0.32,0.868,1290.64,31.240454545454543,73.68649608770633,0.5268065268065268,0.32,0.868,0.5270742270168525,0.32227044822643985,0.8658243891195402,0.07438170210128307,0.02626078098165637,0.015,0.11698525494586859,0.014099748178070535,0.004053677601195279,0.9099527511961722,0.4266865671641791,0.222
1630578,alperen_sengun,Alperen Sengun,hou,C,C,83.0,True,2397.695,0.0,23.0,72,2397.695,583,1123,40,131,260,376,215,425,640,445,227,85,77,238,1466,0.259,0.089,0.305,0.691,1515.44,33.301319444444445,78.54743410945498,0.5473790322580645,0.305,0.691,0.547405617814998,0.3091947544081636,0.6938563616624798,0.1497914797022647,0.04208355871879023,0.089,0.17726499878552343,0.015029842399567941,0.013615268997255663,0.9443577302631581,0.33975848663206143,0.259
1628970,miles_bridges,Miles Bridges,cha,F,PF,79.0,True,2387.2316666666666,0.0,28.0,77,2387.2316666666666,479,1042,148,445,208,253,75,375,450,246,107,46,34,131,1314,0.221,0.03,0.333,0.822,1260.32,31.003008658008657,73.12643523997232,0.5544388609715243,0.333,0.822,0.5543664399516112,0.33317903378362873,0.8206408958240199,0.08489907325123779,0.023265166635235333,0.03,0.0920209296066347,0.008169447826113169,0.0060382875236488645,0.9171408920027342,0.4573896353166987,0.221
203497,rudy_gobert,Rudy Gobert,min,C,C,85.0,True,2380.0466666666666,0.0,34.0,76,2380.0466666666666,335,491,0,5,159,302,299,573,872,128,106,58,124,199,829,0.127,0.121,0.0,0.526,729.88,31.31640350877193,73.86563602244094,0.6893004115226338,0.0,0.526,0.6864928005052984,0.2397640247700707,0.534706908979863,0.1452293527703184,0.0354484330418015,0.121,0.044073063195465036,0.010331704102635616,0.02208847084011752,0.9208521468144045,0.43604887983706725,0.127
1631157,ryan_rollins,Ryan Rollins,mil,G,PG,75.0,True,2182.625,192.8583333333333,23.0,74,2375.483333333333,486,1030,184,453,125,157,54,284,338,414,201,110,31,193,1281,0.236,0.023,0.406,0.796,1300.08,32.101126126126125,75.71655211553016,0.5233968804159446,0.406,0.796,0.5238508160998773,0.4051759403273241,0.7953805724653726,0.1546058704079749,0.03444567977855876,0.023,0.16346459422760234,0.0196322527235309,0.005532725767540526,0.9301449146514936,0.6951844660194174,0.236
1628389,bam_adebayo,Bam Adebayo,mia,C-F,C,81.0,True,2364.685,0.0,28.0,73,2364.685,506,1145,127,400,329,423,149,583,732,232,120,86,49,122,1468,0.248,0.059,0.318,0.778,1451.12,32.39294520547945,76.40486237739913,0.508724832214765,0.318,0.778,0.5092720914577854,0.3185279521257343,0.7778950475790235,0.08269474612712939,0.02187338377049006,0.059,0.08647508568415503,0.015418942657886438,0.008785211514377157,0.9336006669069936,0.26363318777292577,0.248
1642843,cooper_flagg,Cooper Flagg,dal,F,SF,81.0,True,2343.858333333333,0.0,19.0,70,2343.858333333333,559,1194,72,244,283,342,86,380,466,316,161,84,64,142,1473,0.264,0.035,0.295,0.827,1505.48,33.483690476190475,78.97759053684346,0.5126315789473684,0.295,0.827,0.5130212802610709,0.29762385973051597,0.8262174875048784,0.1069426362356192,0.025685405376162863,0.035,0.13329080976533164,0.015194183461955496,0.011576520732918474,0.9465173872180452,0.42519005282824385,0.264
1628378,donovan_mitchell,Donovan Mitchell,cle,G,SG,74.0,True,2342.063333333333,0.0,29.0,70,2342.063333333333,678,1403,224,616,372,430,50,266,316,398,198,104,20,163,1952,0.311,0.021,0.364,0.865,1790.2,33.45804761904761,78.9171070285198,0.576874205844981,0.364,0.865,0.5765375521337867,0.3635726204018388,0.86324671727663,0.11060216735560273,0.0295065482789417,0.021,0.16893738611893322,0.0188262639325763,0.003620435371649288,0.9462137218045112,0.33349964362081264,0.311
1630530,trey_murphy_iii,Trey Murphy III,nop,F,SF,80.0,True,2340.6383333333333,0.0,26.0,66,2340.6383333333333,494,1050,214,565,218,246,63,314,377,250,120,99,24,138,1420,0.223,0.026,0.379,0.886,1278.24,35.46421717171717,83.64903577427393,0.5773195876288659,0.379,0.886,0.5767685435366222,0.3784286267331323,0.8821427953192079,0.0938790837401427,0.024996212706520464,0.026,0.10932050639391645,0.017932065637286422,0.00434716742722095,0.9699709928229666,0.3543238095238095,0.223
1641764,brandin_podziemski,Brandin Podziemski,gsw,G,SG,76.0,True,1307.795,1024.878333333333,23.0,82,2332.673333333333,394,866,153,412,192,241,72,347,419,304,131,88,15,136,1133,0.196,0.029,0.371,0.797,1103.04,28.447235772357722,67.09816351730672,0.5308370044052864,0.371,0.797,0.5312509246780776,0.3710816596482253,0.7961297035924989,0.11876269219611256,0.024718062290006865,0.029,0.10259871751603106,0.015994040305298562,0.0027262568702213458,0.886875160462131,0.5722401847575058,0.196
1626157,karl_anthony_towns,Karl-Anthony Towns,nyk,C-F,C,84.0,True,2321.7816666666668,0.0,30.0,75,2321.7816666666668,517,1032,113,307,357,416,233,656,889,226,187,65,40,255,1504,0.251,0.101,0.368,0.858,1402.04,30.95708888888889,73.01812481565796,0.5572413793103448,0.368,0.858,0.5571434408852082,0.3678121778282368,0.8564050600979277,0.13337707911329205,0.04656378137049757,0.101,0.08419579657074318,0.011869199172871929,0.007304122567921187,0.916597105263158,0.45906976744186045,0.251
1630183,jaden_mcdaniels,Jaden McDaniels,min,F,PF,81.0,True,2316.4133333333334,0.0,25.0,73,2316.4133333333334,417,809,103,250,147,176,76,234,310,199,131,81,73,244,1084,0.182,0.033,0.412,0.835,1017.44,31.731689497716896,74.8451662451894,0.5617173524150268,0.412,0.835,0.5615121775933708,0.40998638604442716,0.8324115892565442,0.12875452115112437,0.04465840509292063,0.033,0.07385682150438351,0.014825126280846602,0.013360916277800025,0.9257700072098054,0.4014585908529048,0.182
1630168,onyeka_okongwu,Onyeka Okongwu,atl,F-C,C,82.0,True,2014.1616666666664,282.8066666666667,25.0,74,2296.968333333333,413,860,144,383,153,202,140,422,562,231,127,82,79,243,1123,0.189,0.058,0.376,0.757,1075.88,31.040112612612607,73.21395190531996,0.5639412997903563,0.376,0.757,0.563655911808271,0.37556351239580427,0.758625262272251,0.11804290441313156,0.04485188544432572,0.058,0.08211232681937196,0.015135204141706623,0.014581477160912477,0.9175802809388336,0.45344186046511625,0.189
1629029,luka_doncic,Luka Dončić,lal,F-G,PG,80.0,True,2288.6016666666665,0.0,27.0,64,2288.6016666666665,693,1457,254,694,503,645,41,454,495,530,255,105,34,153,2143,0.368,0.019,0.366,0.78,1995.8,35.75940104166666,84.34528252851175,0.5753604193971167,0.366,0.78,0.5750328965726106,0.3659040630277714,0.7798909245827743,0.12776831345826237,0.02834331604961881,0.019,0.2652490753512445,0.019451295328169773,0.006298514677693069,0.9734665912828948,0.4228826355525052,0.368
1628976,wendell_carter_jr,Wendell Carter Jr.,orl,C-F,C,82.0,True,2288.3516666666665,0.0,27.0,78,2288.3516666666665,326,637,72,226,198,250,162,415,577,154,100,60,49,267,922,0.156,0.07,0.319,0.792,847.0,29.337841880341877,69.19882576587219,0.6180048661800487,0.319,0.792,0.6163905678162185,0.3203239846252164,0.7916482907758355,0.1180637544273908,0.049467268919541875,0.07,0.053603416220254524,0.011116240206638626,0.009078262835421543,0.8974218117408908,0.5844583987441131,0.156
1631221,collin_gillespie,Collin Gillespie,phx,G,PG,73.0,True,1719.1133333333332,562.6883333333334,27.0,80,2281.8016666666667,352,842,232,578,76,87,89,238,327,371,125,99,16,130,1012,0.181,0.036,0.401,0.874,1005.28,28.522520833333335,67.27573751332432,0.45454545454545453,0.401,0.874,0.45803076295849626,0.40067425233256987,0.8642119134197651,0.12434346649689638,0.02415432457619896,0.036,0.12670765027322403,0.018394447177259212,0.0029728399478398727,0.8877666940789475,0.4150593824228029,0.181
1642267,bub_carrington,Bub Carrington,was,G,PG,76.0,True,1449.1833333333334,821.4666666666667,20.0,82,2270.65,314,741,169,414,81,111,33,243,276,381,191,52,17,184,878,0.174,0.013,0.408,0.73,980.84,27.690853658536586,65.31409383964572,0.4434250764525994,0.408,0.73,0.4465888102392522,0.40706712351780916,0.7341202942290679,0.19473104685779535,0.03435556259164296,0.013,0.12235067437379576,0.009709180732420835,0.003174155239445273,0.8779180038510912,0.49184885290148445,0.174
1631260,aj_green,AJ Green,mil,G,SG,76.0,True,2051.0616666666665,218.87166666666667,26.0,78,2269.9333333333334,262,618,232,554,53,62,29,184,213,152,75,39,8,179,809,0.135,0.013,0.419,0.855,720.28,29.101709401709403,68.64186284020106,0.46875,0.419,0.855,0.4797355277111888,0.41772422051693453,0.8448410500238501,0.10412617315488422,0.03343253955992248,0.013,0.052057838330005934,0.0072841845968546195,0.0014941917121753065,0.8946255060728745,0.322135922330097,0.135
1630577,julian_champagnie,Julian Champagnie,sas,F,SF,79.0,True,1936.0716666666667,329.89166666666665,25.0,82,2265.963333333333,301,689,195,512,114,135,74,399,473,127,69,62,38,131,911,0.146,0.032,0.381,0.844,817.4,27.63369918699187,65.17928425364092,0.5988700564971752,0.381,0.844,0.5962589788803635,0.3804529892175308,0.8401969351842566,0.08441399559579153,0.024510256501021895,0.032,0.03894510886231218,0.011600274069185934,0.007109845397242992,0.8772411745827985,0.4355587808417997,0.146
203999,nikola_jokic,Nikola Jokić,den,C,C,83.0,True,2264.855,0.0,31.0,65,2264.855,644,1132,112,295,399,480,192,644,836,697,243,92,53,173,1799,0.289,0.089,0.38,0.831,1586.2,34.843923076923076,82.18595532124246,0.6356033452807647,0.38,0.831,0.6345931866005053,0.3790047881034461,0.8302623583708514,0.15319631824486193,0.03238434658495158,0.089,0.3188649981589136,0.017221733444020497,0.009921216005794415,0.9626254048582996,0.32993274820471896,0.289
203468,cj_mccollum,CJ McCollum,atl,G,PG,75.0,True,1810.3366666666664,453.035,34.0,76,2263.3716666666664,525,1154,191,510,183,237,62,190,252,293,135,64,35,144,1424,0.247,0.025,0.375,0.772,1393.28,29.781206140350875,70.24458387938002,0.5186335403726708,0.375,0.772,0.5191138058878104,0.3742239622529828,0.7725852453510819,0.09689366100137804,0.026973422539719173,0.025,0.10507762956483709,0.011988187795430745,0.006556040200626188,0.9026721779778393,0.3520260790624742,0.247
1628983,shai_gilgeous_alexander,Shai Gilgeous-Alexander,okc,G,PG,78.0,True,2258.9466666666667,0.0,27.0,68,2258.9466666666667,731,1321,115,298,540,614,38,254,292,448,151,95,52,139,2117,0.323,0.017,0.386,0.879,1742.16,33.21980392156863,78.3551643955577,0.6021505376344086,0.386,0.879,0.601646107503028,0.38505344276477615,0.8779303775668544,0.08667401386784221,0.02608784836108025,0.017,0.20367023340910353,0.01782982441944334,0.009759482840116353,0.9433924148606811,0.42296565008506914,0.323
1641824,matas_buzelis,Matas Buzelis,chi,F,PF,80.0,True,2248.248333333333,0.0,21.0,77,2248.248333333333,446,963,173,495,187,238,77,371,448,158,159,55,116,177,1252,0.223,0.033,0.349,0.786,1226.72,29.198030303030297,68.86905382770797,0.5833333333333334,0.349,0.786,0.5826368808590544,0.3496959611317843,0.7855990145230534,0.12961392982913786,0.033377855087889506,0.033,0.05606716288731175,0.01037164988606736,0.021874752486978434,0.8957661483253588,0.3960332294911735,0.223
1630180,saddiq_bey,Saddiq Bey,nop,G-F,SF,80.0,True,2067.806666666667,177.76833333333337,27.0,72,2245.575,436,967,151,412,248,295,121,279,400,182,68,68,7,95,1271,0.213,0.051,0.367,0.841,1164.8,31.188541666666666,73.56404978545619,0.5135135135135135,0.367,0.841,0.5141600514170407,0.3663423231553343,0.838782149513827,0.05837912087912088,0.017935995208155357,0.051,0.07006309622173815,0.012838396570048045,0.0013215996469167106,0.9193379934210526,0.6484177869700103,0.213
1631108,max_christie,Max Christie,dal,G,SG,77.0,True,2011.3133333333333,233.16666666666663,23.0,77,2244.48,320,725,180,446,125,139,15,234,249,151,96,47,27,98,945,0.162,0.006,0.404,0.899,882.16,29.14909090909091,68.7536210495196,0.5017921146953405,0.404,0.899,0.5034616922167058,0.40262381660427865,0.8914668161189075,0.10882379613675525,0.018511421701128943,0.006,0.05201996437334051,0.0088779267342149,0.005100085570719198,0.8951866028708135,0.5526896551724139,0.162
1630193,immanuel_quickley,Immanuel Quickley,tor,G,PG,74.0,True,2231.3083333333334,0.0,27.0,70,2231.3083333333334,401,905,178,476,170,207,38,244,282,415,102,92,5,141,1150,0.206,0.017,0.374,0.821,1098.08,31.875833333333333,75.18515663053297,0.5198135198135199,0.374,0.821,0.5205021162884464,0.3736552682542203,0.819486431344319,0.09288940696488417,0.026791002433952573,0.017,0.16069472252653846,0.0174806540703804,0.0009500355473032827,0.9274769736842106,0.4133259668508288,0.206
1628368,deaaron_fox,De'Aaron Fox,sas,G,PG,75.0,True,2231.065,0.0,28.0,72,2231.065,509,1047,131,395,187,246,42,228,270,445,164,89,19,162,1336,0.242,0.018,0.332,0.76,1319.24,30.98701388888889,73.08870856443843,0.5797546012269938,0.332,0.76,0.5793057840643927,0.332336939189015,0.7610490453192079,0.12431399896910342,0.030784508909694232,0.018,0.1699375017464117,0.01691247711705424,0.003610528822741916,0.916951480263158,0.3714481852913085,0.242
1627739,kris_dunn,Kris Dunn,lac,G,PG,75.0,True,1897.18,332.82,32.0,82,2230.0,227,477,80,214,62,81,58,213,271,295,111,131,14,189,596,0.122,0.028,0.374,0.765,623.64,27.195121951219512,64.1448172384163,0.55893536121673,0.374,0.765,0.5586096302220805,0.3731984838015672,0.7673467648540353,0.17798730036559554,0.03593241274994385,0.028,0.09531502423263327,0.024905534763188596,0.002661660203699545,0.8720474967907574,0.45060796645702306,0.122
1628384,og_anunoby,OG Anunoby,nyk,F-G,PF,79.0,True,2223.8716666666664,0.0,28.0,67,2223.8716666666664,389,804,157,407,183,221,85,266,351,145,123,104,48,164,1118,0.194,0.039,0.386,0.828,1024.24,33.192114427860695,78.2898535094177,0.5843828715365239,0.386,0.828,0.5835391377165307,0.38512340616678914,0.8260976432974771,0.12008904163086777,0.03126536944835901,0.039,0.058686488780959715,0.01982681965017889,0.009150839838544101,0.9430645129615083,0.5168159203980099,0.194
1626220,royce_oneale,Royce O'Neale,phx,F,SF,78.0,True,1943.3366666666664,269.71666666666664,33.0,78,2213.0533333333333,263,625,212,520,27,38,59,313,372,208,103,84,32,177,765,0.139,0.025,0.408,0.711,744.72,28.372478632478632,66.92183472262757,0.4857142857142857,0.408,0.711,0.4913080787011128,0.4067857742859454,0.7255949083691086,0.1383070147169406,0.03390867537681985,0.025,0.07086882453151618,0.01609225272120264,0.006130381989029578,0.8859898785425102,0.3992,0.139
1629656,quentin_grimes,Quentin Grimes,phi,G,SG,77.0,False,640.5983333333334,1565.1233333333332,26.0,75,2205.721666666667,340,755,127,380,199,237,46,227,273,244,133,64,28,155,1006,0.183,0.02,0.334,0.84,992.28,29.409622222222225,69.36813322180068,0.568,0.334,0.84,0.5675335819496831,0.334862718901413,0.8373625732863046,0.1340347482565405,0.0297927386925437,0.02,0.0874590199763955,0.012301517911759978,0.00538191408639499,0.8982718421052632,0.46953642384105954,0.183
1630166,deni_avdija,Deni Avdija,por,F,SF,80.0,True,2199.385,0.0,25.0,66,2199.385,492,1064,125,393,489,610,74,380,454,442,253,51,41,168,1598,0.285,0.031,0.318,0.802,1585.4,33.324015151515155,78.60096620924695,0.5469448584202683,0.318,0.802,0.5469903510288223,0.3190979165547173,0.8013363800027696,0.15958117825154533,0.03238451978666755,0.031,0.2005133992785855,0.009831014935238363,0.007903364947936723,0.9446264952153112,0.575187969924812,0.285
1630230,naji_marshall,Naji Marshall,dal,F,SF,78.0,True,1484.246666666667,699.4933333333333,28.0,74,2183.74,419,821,62,213,228,300,65,283,348,241,119,82,6,143,1128,0.2,0.028,0.291,0.76,1072.0,29.509999999999998,69.60489311653117,0.587171052631579,0.291,0.76,0.5865702735447055,0.29415453081413034,0.7607372761345716,0.11100746268656717,0.02776288197436337,0.028,0.08998679477255134,0.01591997427900557,0.001164876166756505,0.8994605263157895,0.5463337393422655,0.2
1630595,cade_cunningham,Cade Cunningham,det,G,PG,78.0,True,2171.6716666666666,0.0,24.0,64,2171.6716666666666,548,1189,125,366,310,382,56,299,355,634,236,92,54,196,1531,0.296,0.025,0.342,0.812,1593.08,33.932369791666666,80.03588520974482,0.5139732685297691,0.342,0.812,0.5144062773717023,0.34201186269029543,0.8107871316370336,0.14814070856454165,0.038264086065573036,0.025,0.2842365393867821,0.01796069345935061,0.010542146160923183,0.9518306949013158,0.5782169890664424,0.296
1642263,reed_sheppard,Reed Sheppard,hou,G,SG,74.0,False,635.4616666666667,1511.4616666666666,22.0,82,2146.923333333333,407,946,227,576,69,86,28,210,238,277,123,122,54,166,1110,0.21,0.012,0.394,0.802,1106.8400000000001,26.181991869918697,61.75515912177496,0.4864864864864865,0.394,0.802,0.4881590238174421,0.39350931804018957,0.8002974541845543,0.11112717285244478,0.03278090887775943,0.012,0.08889602053915276,0.024091993271606327,0.01066366915300608,0.8600499037227215,0.3437209302325581,0.21
1626164,devin_booker,Devin Booker,phx,G,SG,77.0,True,2146.43,0.0,29.0,64,2146.43,546,1198,122,370,454,520,48,200,248,386,201,51,18,168,1668,0.307,0.021,0.33,0.873,1627.8,33.53796875,79.10561606876693,0.5120772946859904,0.33,0.873,0.5125303449291504,0.33051700097776593,0.8713746332107871,0.1234795429413933,0.03318348469365403,0.021,0.18575553416746873,0.010073557853430688,0.0035553733600343605,0.94716015625,0.4737267029749035,0.307
1630162,anthony_edwards,Anthony Edwards,min,G,SG,76.0,True,2113.9766666666665,22.616666666666667,24.0,61,2136.593333333333,602,1231,205,514,348,437,36,266,302,226,174,83,49,118,1757,0.309,0.017,0.399,0.796,1597.28,35.02612021857922,82.61570159610228,0.5536959553695955,0.399,0.796,0.5536457070847702,0.3980848480373112,0.7960370371403069,0.10893518982269859,0.023414752790763212,0.017,0.11311656524101055,0.016469698996892768,0.009723075311418623,0.9647830025884383,0.651345152195728,0.309
203501,tim_hardaway_jr,Tim Hardaway Jr.,den,G-F,SG,77.0,False,189.235,1938.065,34.0,80,2127.3,348,779,224,550,159,196,17,189,206,108,43,42,10,100,1079,0.177,0.008,0.407,0.811,908.24,26.591250000000002,62.72047150406506,0.5414847161572053,0.407,0.811,0.5418427993750125,0.4064222506634841,0.8098473572898894,0.04734431427816436,0.01992969711522313,0.008,0.034450564839884235,0.008370472788393715,0.001992969711522313,0.8648963815789474,0.5154043645699615,0.177
1631170,jaime_jaquez_jr,Jaime Jaquez Jr.,mia,G,SF,78.0,False,36.321666666666665,2084.8883333333333,25.0,75,2121.21,464,915,58,183,166,216,96,279,375,352,152,51,21,137,1152,0.216,0.042,0.317,0.769,1162.04,28.2828,66.71031077723578,0.5546448087431693,0.317,0.769,0.5545827884779353,0.31915264441218166,0.7691529008925541,0.13080444735120994,0.027382074006017047,0.042,0.12516803843852178,0.010193326819758172,0.004197252219900424,0.8849278947368422,0.4543169398907104,0.216
1629130,duncan_robinson,Duncan Robinson,det,F,SG,79.0,True,2113.1583333333333,0.0,32.0,77,2113.1583333333333,318,698,220,536,83,110,29,176,205,159,54,44,22,168,939,0.152,0.014,0.41,0.755,800.4,27.443614718614718,64.73093423315619,0.6049382716049383,0.41,0.755,0.6017466805269068,0.4095173266878225,0.7569046300143101,0.06746626686656672,0.033705958482839575,0.014,0.05256325490638758,0.00882775103121989,0.004413875515609945,0.8749901742993849,0.3608595988538682,0.152
1642847,jeremiah_fears,Jeremiah Fears,nop,G,PG,75.0,True,1354.775,757.1283333333333,19.0,82,2111.903333333333,437,1006,101,306,194,246,60,240,300,279,178,97,30,151,1169,0.245,0.026,0.33,0.789,1292.24,25.75491869918699,60.74782661070351,0.48,0.33,0.789,0.4809865197896169,0.331001456871997,0.7883927953192079,0.1377453104686436,0.030313239458507446,0.026,0.09244532803180915,0.01947274322831273,0.0060224979056637306,0.854992458279846,0.36461232604373756,0.245
1642270,donovan_clingan,Donovan Clingan,por,C,C,86.0,True,2093.6366666666668,0.0,22.0,77,2093.6366666666668,356,684,84,246,138,203,347,545,892,162,95,44,130,182,934,0.163,0.149,0.341,0.68,868.32,27.190086580086582,64.13294036720282,0.6210045662100456,0.341,0.68,0.6194206005594375,0.34217367332637133,0.6846411061113484,0.10940667035194397,0.036855262679412595,0.149,0.05807010028064592,0.008910063504912935,0.026325187628151853,0.8719878673957622,0.5909941520467836,0.163
202695,kawhi_leonard,Kawhi Leonard,lac,F,SF,78.0,True,2084.728333333333,0.0,35.0,65,2084.728333333333,635,1258,172,445,371,416,71,342,413,234,133,122,27,78,1813,0.326,0.036,0.387,0.892,1574.04,32.07274358974359,75.64960655770969,0.5694956949569495,0.387,0.892,0.5692593305596938,0.38592628653088146,0.889268909863186,0.08449594673578817,0.015862607283814143,0.036,0.11709996338337604,0.024810744725965714,0.005490902521320281,0.9248088056680163,0.33313195548489666,0.326
1630596,evan_mobley,Evan Mobley,cle,C,PF,83.0,True,2028.905,45.38333333333333,25.0,65,2074.2883333333334,469,859,62,209,180,297,156,430,586,234,122,48,113,159,1180,0.221,0.073,0.297,0.606,1111.68,31.912128205128205,75.27076492168717,0.6261538461538462,0.297,0.606,0.625000650076709,0.2995272163084523,0.6118193993541278,0.10974381116868163,0.032498060152555394,0.073,0.09965100336532469,0.009810735140394081,0.023096105643011067,0.9279067813765183,0.5140162980209546,0.221
203952,andrew_wiggins,Andrew Wiggins,mia,F,SF,78.0,True,2062.5983333333334,0.0,31.0,68,2062.5983333333334,390,821,138,333,127,162,115,214,329,182,103,76,69,156,1045,0.194,0.051,0.414,0.784,995.28,30.33232843137255,71.54450960492056,0.5163934426229508,0.414,0.784,0.5170691346398152,0.41281766872172326,0.7838869511727746,0.10348846555743108,0.03206560027774714,0.051,0.07053063384941115,0.015621702699415272,0.014182861661311233,0.9091986261609908,0.6039707673568819,0.194
1631222,jake_laravia,Jake LaRavia,lal,F,PF,79.0,True,1275.2183333333332,786.2516666666667,24.0,82,2061.47,240,523,78,243,116,152,116,210,326,145,87,104,38,196,674,0.138,0.059,0.321,0.763,676.88,25.139878048780485,59.297137395730054,0.5785714285714286,0.321,0.763,0.5775876863814758,0.3225156536424943,0.7643738000106001,0.1285309065122326,0.040309600217078,0.059,0.045199501246882795,0.021388767462123023,0.007815126572698797,0.8477090821566111,0.541376673040153,0.138
1627783,pascal_siakam,Pascal Siakam,ind,F,PF,80.0,True,2056.651666666666,0.0,32.0,62,2056.651666666666,559,1155,105,293,262,378,89,322,411,236,138,69,25,147,1485,0.292,0.041,0.358,0.693,1459.32,33.17180107526881,78.24194064137306,0.5266821345707656,0.358,0.693,0.5269500333149404,0.3584041596420827,0.6954344216539103,0.09456459172765398,0.030303028305534576,0.041,0.11974210155060824,0.014223870429128472,0.005153576242437853,0.9428239601018675,0.3891774891774892,0.292
1641717,cason_wallace,Cason Wallace,okc,G,SG,75.0,True,1602.5566666666666,443.5133333333333,22.0,77,2046.07,252,584,101,288,55,68,63,175,238,200,73,150,28,154,660,0.141,0.031,0.351,0.809,686.92,26.572337662337663,62.67586319360857,0.5101351351351351,0.351,0.809,0.5114393106229673,0.3509948334615807,0.8054943025861181,0.10627147266057184,0.031910210695015234,0.031,0.06522067654521305,0.03108137405358627,0.00580185649000277,0.8646724196855776,0.5610958904109589,0.141
1630170,devin_vassell,Devin Vassell,sas,G-F,SG,77.0,True,1996.265,47.96666666666667,25.0,67,2044.2316666666663,330,755,166,432,106,130,39,230,269,167,60,57,25,106,932,0.176,0.019,0.384,0.815,872.2,30.510920398009944,71.96575239547519,0.5077399380804953,0.384,0.815,0.5090102974493332,0.38370239903065856,0.8130611114408373,0.0687915615684476,0.021983922901892414,0.019,0.06471828123670804,0.011821543447244034,0.005184887476861418,0.9113135310290652,0.5052980132450331,0.176
1642264,stephon_castle,Stephon Castle,sas,G,PG,78.0,True,2016.0766666666664,21.666666666666668,21.0,68,2037.743333333333,385,817,81,244,282,384,98,264,362,502,217,78,19,222,1133,0.243,0.047,0.332,0.734,1202.96,29.966813725490194,70.68237432754132,0.5305410122164049,0.332,0.734,0.5308755215276638,0.3330569305966577,0.7356054710703482,0.18038837534082597,0.04618840147084379,0.047,0.1954179049210524,0.01622835727353971,0.003953061387144289,0.9048701625386997,0.44761321909424723,0.243
1642852,derik_queen,Derik Queen,nop,C,C,81.0,True,1332.8766666666668,690.5033333333333,21.0,81,2023.38,354,748,23,88,217,273,136,436,572,298,190,84,74,215,948,0.214,0.065,0.261,0.795,1058.12,24.98,58.92003490514905,0.5015151515151515,0.261,0.795,0.5022394463442209,0.2713924527709292,0.7944471929389302,0.17956375458360113,0.04504954879825365,0.065,0.09742172892073023,0.017600753949085148,0.015505426098003584,0.8458157894736843,0.3867379679144385,0.214
1630163,lamelo_ball,LaMelo Ball,cha,G,PG,79.0,True,1947.3766666666668,70.07,24.0,72,2017.4466666666667,506,1244,272,740,161,179,65,282,347,514,202,87,18,195,1445,0.306,0.03,0.368,0.899,1524.76,28.020092592592594,66.09066587674397,0.4642857142857143,0.368,0.899,0.46595414212184433,0.3674619471620681,0.8932727809614668,0.13247986568377973,0.040979059560154074,0.03,0.2105168521367351,0.018282965034530276,0.003782682420937299,0.8818168859649124,0.49054662379421227,0.306
1629675,naz_reid,Naz Reid,min,C-F,C,81.0,False,57.3,1950.05,26.0,77,2007.35,397,871,162,448,90,123,90,387,477,170,126,76,78,195,1046,0.212,0.042,0.362,0.732,1051.12,26.069480519480518,61.489779910604305,0.5555555555555556,0.362,0.732,0.5554282426111501,0.3615643239553517,0.7355530496369715,0.11987213638785298,0.0411851780271341,0.042,0.05892771843203233,0.016051659128524062,0.01647407121085364,0.8587175324675325,0.3465212399540758,0.212
1630558,davion_mitchell,Davion Mitchell,mia,G,PG,72.0,True,2000.255,0.0,27.0,70,2000.255,261,533,90,228,42,65,32,155,187,453,108,68,11,181,654,0.137,0.015,0.395,0.646,669.6,28.57507142857143,67.39968798993421,0.5606557377049181,0.395,0.646,0.560318822382946,0.39326243853592885,0.6643807413562295,0.16129032258064516,0.038363891033152096,0.015,0.1619705412971248,0.014412953537316808,0.0023315071898600717,0.8883890037593986,0.46495309568480303,0.137
1628971,bruce_brown,Bruce Brown,den,G-F,SG,76.0,False,127.61666666666666,1870.1716666666664,29.0,82,1997.7883333333332,248,522,57,148,96,126,85,233,318,174,91,85,20,195,649,0.142,0.043,0.385,0.762,668.44,24.363272357723574,57.46536660211074,0.5106951871657754,0.385,0.762,0.5117198673193437,0.3835219010857662,0.7634452617773324,0.136137873257136,0.04138229547813339,0.043,0.05237808549066827,0.0180384364904684,0.004244337997757271,0.8385124358151477,0.45295019157088123,0.142
1631096,chet_holmgren,Chet Holmgren,okc,C-F,PF,85.0,True,1997.2683333333332,0.0,24.0,69,1997.2683333333332,434,779,88,243,225,284,130,484,614,115,107,43,131,158,1181,0.214,0.067,0.362,0.792,1010.96,28.945917874396134,68.27439918018408,0.6455223880597015,0.362,0.792,0.6437736795799047,0.36204134534209903,0.791933862590875,0.10583999366938356,0.033538999975973045,0.067,0.0452803733830153,0.00912770252510659,0.027807651878813098,0.8927806064073227,0.4937355584082156,0.214
1628404,josh_hart,Josh Hart,nyk,G,SF,77.0,True,1628.76,364.815,31.0,66,1993.575,301,592,100,242,90,125,93,393,486,317,128,75,17,165,792,0.163,0.047,0.413,0.72,775.0,30.20568181818182,71.24578971421533,0.5742857142857143,0.413,0.72,0.573612302918411,0.41109706496647247,0.7246559674201275,0.16516129032258065,0.0350897928148193,0.047,0.12598997663800543,0.015949905824917864,0.0036153119869813824,0.9076988636363637,0.49527027027027026,0.163
2544,lebron_james,LeBron James,lal,F,SF,81.0,True,1989.055,0.0,41.0,60,1989.055,473,919,77,243,233,316,43,321,364,432,179,72,35,81,1256,0.262,0.023,0.317,0.737,1237.04,33.15091666666667,78.19268083017164,0.5857988165680473,0.317,0.737,0.5852775933682623,0.31856308447253384,0.7387379006187645,0.14470025221496477,0.01726504304069193,0.023,0.21073922924078195,0.015346704925059492,0.007460203783015031,0.9075766447368422,0.5806093579978238,0.262
1642846,ace_bailey,Ace Bailey,uta,F,SF,81.0,True,1796.555,191.0883333333333,19.0,72,1987.6433333333332,395,892,137,398,66,88,104,198,302,131,107,60,49,193,993,0.21,0.048,0.344,0.75,1037.72,27.606157407407405,65.11432177908262,0.5222672064777328,0.344,0.75,0.5228183116083889,0.34459916757733106,0.7533526081807879,0.1031106656901669,0.041166912014380524,0.048,0.04909102541838423,0.012798003735040578,0.010451703050283138,0.8769150219298246,0.5011659192825112,0.21
203084,harrison_barnes,Harrison Barnes,sas,F,PF,79.0,True,1449.3116666666667,537.1633333333333,34.0,77,1986.475,262,575,139,358,102,123,62,151,213,148,61,50,12,85,765,0.144,0.03,0.388,0.829,690.12,25.798376623376623,60.85033031006934,0.5668202764976958,0.388,0.829,0.5660811852450572,0.38749038144443226,0.825778613546746,0.08839042485364865,0.018141168639037517,0.03,0.048008228173582815,0.010671275670022068,0.0025611061608052962,0.855507091592618,0.47370434782608695,0.144
1631105,jalen_duren,Jalen Duren,det,C,C,82.0,True,1975.8533333333328,0.0,22.0,70,1975.8533333333328,522,803,0,0,321,430,265,472,737,138,130,57,59,195,1365,0.231,0.132,0.0,0.747,1122.2,28.226476190476184,66.57746046405987,0.6500622665006227,0.0,0.747,0.6488320160524329,0.35964603715510607,0.7473376263675391,0.11584387809659596,0.04184170237640833,0.132,0.054826643927207895,0.012230651463873206,0.012659797129272265,0.8842609022556391,0.26592777085927766,0.231
1641706,brandon_miller,Brandon Miller,cha,F,SF,79.0,True,1968.3116666666667,0.0,23.0,65,1968.3116666666667,454,1044,204,533,199,223,70,249,319,217,163,66,44,180,1311,0.272,0.034,0.383,0.892,1305.12,30.28171794871795,71.42513524925302,0.4892367906066536,0.383,0.892,0.49040389453095584,0.3823139233361898,0.8876762042992156,0.1248927301704058,0.038771095911361686,0.034,0.09832188620653452,0.014216068500832619,0.00947737900055508,0.9085992914979758,0.28252873563218395,0.272
1642875,maxime_raynaud,Maxime Raynaud,sac,C,C,85.0,True,1666.61,297.27,23.0,74,1963.88,383,671,24,74,132,168,142,414,556,100,94,38,39,170,922,0.178,0.07,0.324,0.786,838.92,26.53891891891892,62.597038792939294,0.6013400335008375,0.324,0.786,0.6004949407753344,0.32852929013751264,0.7855536831557147,0.11204882467934965,0.03669977592544559,0.07,0.037140036053010604,0.008203479324511367,0.00841936035936693,0.8642766714082504,0.5746944858420269,0.178
1629028,deandre_ayton,Deandre Ayton,lal,C,C,84.0,True,1958.385,0.0,27.0,72,1958.385,403,601,0,0,91,141,185,390,575,59,83,41,70,157,897,0.164,0.103,0.0,0.645,746.04,27.199791666666666,64.15583164182476,0.670549084858569,0.0,0.645,0.668576806956838,0.35964603715510607,0.6544937457067365,0.11125408825264062,0.033988423183871526,0.103,0.022480368012638818,0.00887595764674352,0.015154074031025524,0.8721027960526316,0.5386023294509151,0.164
1641716,jarace_walker,Jarace Walker,ind,F,PF,79.0,True,1209.2583333333334,744.125,22.0,76,1953.3833333333332,307,733,133,356,137,183,49,342,391,192,139,63,26,124,884,0.2,0.023,0.374,0.749,952.52,25.702412280701754,60.6239803332858,0.46153846153846156,0.374,0.749,0.4638253980636382,0.37321437259986634,0.7504070238430944,0.14592869441061607,0.02691309508875314,0.023,0.06871448398669704,0.013673588633802,0.005643068325061142,0.8543706717451525,0.48221009549795363,0.2
1630573,sam_hauser,Sam Hauser,bos,F,PF,79.0,True,1328.315,605.835,28.0,78,1934.15,252,601,198,504,17,20,56,244,300,114,35,38,23,113,719,0.141,0.028,0.393,0.85,644.8,24.796794871794873,58.487911104162336,0.5567010309278351,0.393,0.85,0.5560787761740932,0.39221101239601375,0.8276185200572405,0.05428039702233251,0.02476952794805574,0.028,0.0375566483463504,0.008329575770142638,0.005041585334560018,0.8436462550607289,0.46259567387687184,0.141
1629060,rui_hachimura,Rui Hachimura,lal,F,PF,80.0,True,1304.02,622.545,28.0,68,1926.565,307,597,116,262,50,72,41,185,226,57,42,39,21,110,780,0.149,0.023,0.443,0.694,670.68,28.331838235294118,66.82597669137574,0.5701492537313433,0.443,0.694,0.569566461016313,0.4396928690130554,0.7052262878258196,0.06262300948291287,0.02420685995050029,0.023,0.022332648478188163,0.008582432164268284,0.0046213096269136925,0.8855086106811146,0.550318257956449,0.149
1629674,neemias_queta,Neemias Queta,bos,C,C,84.0,True,1901.9433333333332,24.26333333333333,26.0,76,1926.2066666666667,326,499,1,8,123,175,230,406,636,126,75,60,100,216,776,0.145,0.118,0.125,0.703,651.0,25.34482456140351,59.78054234678839,0.6619144602851323,0.125,0.703,0.6596814951110339,0.25535890953061446,0.7071813816309039,0.1152073732718894,0.0475423131270836,0.118,0.04379376409352164,0.013206198090856557,0.022010330151427594,0.8501360803324101,0.5048096192384769,0.145
1629651,nic_claxton,Nic Claxton,bkn,C,C,83.0,True,1897.2666666666669,23.1,27.0,69,1920.3666666666663,333,583,3,19,141,229,168,310,478,253,96,45,77,158,810,0.175,0.084,0.158,0.616,779.76,27.83140096618357,65.64560113637852,0.5851063829787234,0.158,0.616,0.5844955209941254,0.22746415074314003,0.6227136217645072,0.12311480455524777,0.034882079420776445,0.084,0.11238779368665117,0.009934769455284431,0.016999494401264473,0.8795823798627003,0.3801372212692967,0.175
1626167,myles_turner,Myles Turner,mil,C-F,C,83.0,True,1911.8033333333333,0.0,30.0,71,1911.8033333333333,284,646,147,384,131,177,75,303,378,103,83,50,115,185,846,0.181,0.039,0.383,0.74,806.88,26.92680751173709,63.51194709670853,0.5229007633587787,0.383,0.74,0.5238986362155441,0.3822245187095205,0.7423986930573113,0.1028653579218719,0.041025884450516824,0.039,0.039429150307879766,0.01108807687851806,0.025502576820591538,0.8688700889547813,0.6731269349845201,0.181
1629640,keldon_johnson,Keldon Johnson,sas,F-G,SF,78.0,False,0.0,1911.4666666666667,26.0,82,1911.4666666666667,414,797,99,273,154,194,137,303,440,111,70,46,11,162,1081,0.201,0.067,0.363,0.794,952.36,23.31056910569106,54.98236770881531,0.601145038167939,0.363,0.794,0.6001880693831985,0.3625316620902864,0.7932772333417512,0.07350161703557478,0.0359316966224576,0.067,0.03526048284625159,0.01020282743600648,0.0024398065607841584,0.82604621309371,0.5306649937264744,0.201
1641710,anthony_black,Anthony Black,orl,G,PG,79.0,True,1295.97,614.08,22.0,64,1910.05,345,772,100,300,169,231,47,197,244,236,132,91,45,170,959,0.219,0.024,0.333,0.732,1005.64,29.84453125,70.39394807757452,0.5190677966101694,0.333,0.732,0.5197104337149958,0.3341821302308099,0.7337284464801545,0.1312596953184042,0.03773406766548735,0.024,0.103518738432241,0.020198824456231463,0.009988429676158416,0.9034220805921053,0.567979274611399,0.219
1641783,tristan_da_silva,Tristan da Silva,orl,F,SF,80.0,True,980.465,918.9916666666668,25.0,77,1899.4566666666667,279,620,120,321,84,95,58,226,284,124,69,68,25,117,762,0.16,0.03,0.374,0.884,730.8,24.6682683982684,58.184757208789414,0.5317725752508361,0.374,0.884,0.5323638480602847,0.3734032035394292,0.8745576723973068,0.09441707717569787,0.02611475225423792,0.03,0.04307142282260148,0.01517780472895879,0.005580075267999556,0.8421242310321257,0.562,0.16
1631217,moussa_diabate,Moussa Diabaté,cha,F,C,82.0,True,1349.115,549.8416666666667,24.0,73,1898.9566666666667,229,363,1,2,116,176,273,362,635,141,73,56,72,176,575,0.112,0.139,0.5,0.659,513.44,26.013105022831052,61.35680768360744,0.631578947368421,0.5,0.659,0.6293812103790511,0.3830383642959217,0.6657449225898775,0.14217824867559986,0.03929407339022495,0.139,0.051095309855358116,0.012502659715071574,0.016074848205092026,0.8580499279019467,0.5738292011019284,0.112
1641709,ausar_thompson,Ausar Thompson,det,G-F,SF,79.0,True,1871.865,23.745,23.0,73,1895.61,303,577,6,24,109,191,150,268,418,228,110,146,69,198,721,0.168,0.08,0.25,0.571,771.04,25.967260273972602,61.24867420870922,0.5370705244122965,0.25,0.571,0.5373009396991616,0.28224883445738413,0.581236595033419,0.14266445320605936,0.0442838771967673,0.08,0.07954593803449714,0.03265376803397993,0.01543226023523709,0.8575070295602019,0.5198960138648181,0.168
1642363,nique_clifford,Nique Clifford,sac,G,SG,77.0,True,953.8383333333334,928.0866666666668,24.0,75,1881.925,249,596,77,231,70,97,65,217,282,179,116,68,24,156,645,0.167,0.034,0.333,0.722,754.68,25.092333333333332,59.18499422944897,0.4712328767123288,0.333,0.722,0.4733344774683413,0.3344251467699214,0.7273696785207217,0.1537075316690518,0.03514404330152058,0.034,0.06241123895536223,0.015319198362201277,0.005406775892541627,0.847146052631579,0.5161744966442953,0.167
1630245,ayo_dosunmu,Ayo Dosunmu,min,G,SG,76.0,False,621.0266666666666,1260.0166666666669,26.0,69,1881.0433333333333,386,747,123,280,127,145,47,190,237,249,96,58,18,130,1022,0.197,0.024,0.439,0.876,906.8,27.26149758454106,64.30137667124885,0.563169164882227,0.439,0.876,0.5628939812382138,0.4365395185225899,0.869861649043337,0.105866784296427,0.029300429766022627,0.024,0.09745922492756667,0.013072499434071634,0.004056982582987748,0.87283352402746,0.4452744310575636,0.197
1628381,john_collins,John Collins,lac,F-C,PF,81.0,True,1564.32,307.15833333333336,28.0,69,1871.4783333333328,364,659,89,219,118,154,110,257,367,70,95,60,51,187,935,0.188,0.061,0.406,0.766,821.76,27.12287439613526,63.97440777214824,0.625,0.406,0.766,0.6233342867791734,0.4043513553342841,0.7672472902543732,0.11560552959501558,0.04236295453001622,0.061,0.028790690675628228,0.013592391827812689,0.011553533053640786,0.8711919336384439,0.5011532625189681,0.188
203110,draymond_green,Draymond Green,gsw,F,PF,78.0,True,1868.888333333333,0.0,36.0,68,1868.888333333333,205,491,101,310,59,84,55,320,375,376,181,61,42,197,570,0.158,0.029,0.326,0.702,708.96,27.48365196078431,64.82536960970296,0.574585635359116,0.326,0.702,0.5733006756577381,0.3268639386610971,0.7109420808693321,0.2553035432182352,0.04469020139756803,0.029,0.14580121627117362,0.013838082666252033,0.009527860196435825,0.8654642995356037,0.6428920570264766,0.158
1641705,victor_wembanyama,Victor Wembanyama,sas,F-C,C,88.0,True,1662.388333333333,203.26,22.0,64,1865.6483333333333,553,1080,122,350,372,450,130,606,736,199,155,66,197,156,1600,0.316,0.071,0.349,0.827,1433.0,29.150755208333333,68.75754661274843,0.5904109589041096,0.349,0.827,0.5898654446630108,0.34887905658764184,0.8257142513080808,0.10816468946266573,0.035450654074793,0.071,0.08935396611580204,0.01499835364702781,0.0447678131585527,0.8952063116776316,0.36054131054131044,0.316
201566,russell_westbrook,Russell Westbrook,sac,G,SF,76.0,True,1708.6683333333333,143.90166666666667,37.0,64,1852.57,358,839,128,379,127,183,80,268,348,426,209,83,12,147,971,0.252,0.042,0.338,0.694,1128.52,28.94640625,68.27555110602981,0.5,0.338,0.694,0.5010647426609106,0.3382942426003884,0.6985935523405038,0.1851983128345089,0.03364125170418653,0.042,0.18506431583631777,0.018994720349982872,0.0027462246289131865,0.8777863898026316,0.38743742550655547,0.252
1642347,jamal_shead,Jamal Shead,tor,G,PG,73.0,False,385.05,1467.1883333333333,23.0,82,1852.2383333333328,185,504,84,262,91,116,26,117,143,444,112,76,15,162,545,0.149,0.014,0.321,0.784,667.04,22.58827235772357,53.27869478639258,0.41735537190082644,0.321,0.784,0.42262075020090467,0.32204581018952594,0.7843536158866445,0.16790597265531304,0.03708067106407669,0.014,0.1341389728096677,0.017395870375739683,0.00343339546889599,0.8174926989730423,0.4276190476190477,0.149
1641796,pelle_larsson,Pelle Larsson,mia,G,SG,77.0,True,1559.0966666666666,290.0466666666667,25.0,70,1849.1433333333332,277,559,62,192,184,231,69,175,244,236,101,49,16,148,800,0.165,0.035,0.323,0.797,761.64,26.41633333333333,62.307897600722676,0.5858310626702997,0.323,0.797,0.5848817746701007,0.3247349523344112,0.7959691103805694,0.13260858148206503,0.03393286879673488,0.035,0.0848675151079263,0.011234530885405465,0.003668418248295662,0.862825,0.5428622540250447,0.165
1629652,luguentz_dort,Luguentz Dort,okc,G,SF,76.0,True,1848.7416666666663,0.0,27.0,69,1848.7416666666663,202,524,128,372,44,58,56,189,245,85,54,62,27,179,576,0.139,0.03,0.344,0.759,603.52,26.7933574879227,63.19718008064621,0.4868421052631579,0.344,0.759,0.49074338920140725,0.3444933517579871,0.7621846412017237,0.08947507953340403,0.04104934579739555,0.03,0.030666748796649095,0.014218209158874437,0.006191800762735643,0.8672897597254005,0.3487022900763359,0.139
1642883,sion_james,Sion James,cha,G,SG,77.0,False,551.5383333333333,1291.7416666666666,23.0,82,1843.28,138,372,83,236,82,98,49,238,287,163,65,52,20,148,441,0.109,0.026,0.352,0.837,480.12,22.479024390243904,53.02101287857757,0.40441176470588236,0.352,0.837,0.41438650034676694,0.352018131591671,0.8317458852010853,0.13538282096142631,0.034040806668741035,0.026,0.050636843740292016,0.011960283424152257,0.0046001090092893295,0.816198973042362,0.46580645161290324,0.109
1629627,zion_williamson,Zion Williamson,nop,F,PF,78.0,True,1666.5266666666666,174.53666666666666,25.0,62,1841.0633333333333,484,807,1,4,333,465,125,228,353,199,126,60,34,141,1302,0.25,0.064,0.25,0.716,1137.6,29.69456989247312,70.04023597109305,0.6014943960149439,0.25,0.716,0.600861536347636,0.3283185979679329,0.717533801266773,0.11075949367088608,0.03246981562605957,0.064,0.09350110587776898,0.013816942819599817,0.007829600931106562,0.9016462224108659,0.12402507471390045,0.25
1642377,jaylen_wells,Jaylen Wells,mem,F,SG,79.0,True,1820.6416666666669,0.0,22.0,69,1820.6416666666669,301,698,129,365,134,171,61,159,220,111,74,61,9,148,865,0.189,0.031,0.353,0.784,847.24,26.386111111111113,62.236612797350205,0.5165165165165165,0.353,0.784,0.5174939622467288,0.3535905609908029,0.7835831801199846,0.08734242953590482,0.03446407893720089,0.031,0.04350278165446307,0.014204789291684148,0.0020957885840189724,0.862467105263158,0.3480229226361031,0.189
202696,nikola_vucevic,Nikola Vučević,bos,C,C,81.0,True,1506.59,311.5283333333333,35.0,64,1818.118333333333,394,799,100,271,77,93,125,412,537,213,85,39,41,127,965,0.213,0.067,0.369,0.828,924.92,28.40809895833333,67.00585197013324,0.5568181818181818,0.369,0.828,0.556692247306,0.3686706774788294,0.8235782097254098,0.09189983998616097,0.02961495065960064,0.067,0.09247336877104555,0.009094354926963975,0.009560732102705718,0.8814116981907895,0.513767209011264,0.213
1642345,oso_ighodaro,Oso Ighodaro,phx,F,PF,83.0,False,645.555,1162.815,23.0,82,1808.37,239,366,0,1,53,117,138,280,418,185,101,73,57,218,531,0.12,0.071,0.0,0.453,518.48,22.053292682926827,52.01684446162999,0.6547945205479452,0.0,0.453,0.652001144135008,0.32695094286827825,0.4789650047379308,0.19480018515661163,0.051109147678631534,0.071,0.059237912263848856,0.01711453110339496,0.013363400998541271,0.8111574133504493,0.5432786885245902,0.12
1628398,kyle_kuzma,Kyle Kuzma,mil,F,PF,80.0,True,1196.4316666666666,609.31,30.0,69,1805.7416666666663,339,689,83,239,135,186,57,256,313,184,119,46,28,134,896,0.212,0.032,0.347,0.726,889.84,26.1701690821256,61.727272849979705,0.5688888888888889,0.347,0.726,0.5684791935883217,0.3477769492833376,0.7287171204169246,0.13373190685966016,0.03146144152888628,0.032,0.07432256030580225,0.010800196345737083,0.006574032558274746,0.8599098970251716,0.608621190130624,0.212
1642271,kyle_filipowski,Kyle Filipowski,uta,C,C,83.0,True,1098.8433333333332,702.1,22.0,77,1800.9433333333334,323,657,74,228,159,212,144,408,552,198,125,73,39,232,879,0.197,0.076,0.325,0.75,875.28,23.388874458874458,55.16706563286759,0.5804195804195804,0.325,0.75,0.5797276288169202,0.3260355477796263,0.7514799801879154,0.14281144319532035,0.05461568380377888,0.076,0.06704464274653443,0.01718510740377525,0.009181084777359379,0.8269735133287766,0.38468797564687973,0.197
1641718,keyonte_george,Keyonte George,uta,G,PG,76.0,True,1786.1083333333331,0.0,22.0,54,1786.1083333333331,402,881,134,361,337,378,23,176,199,332,166,58,14,120,1275,0.275,0.012,0.371,0.892,1213.32,33.07608024691358,78.01616503897755,0.5153846153846153,0.371,0.892,0.5160385453785433,0.3708799470931296,0.8887333907260753,0.13681469027132168,0.028484125323411897,0.012,0.17513928024600814,0.013767327239649085,0.0033231479543980543,0.9416904239766082,0.444543538187125,0.275
1629614,andrew_nembhard,Andrew Nembhard,ind,G-F,PG,76.0,True,1785.5933333333332,0.0,26.0,57,1785.5933333333332,333,753,107,296,193,234,25,135,160,437,137,51,8,126,966,0.233,0.013,0.361,0.825,992.96,31.326198830409353,73.8887401334411,0.49452954048140046,0.361,0.825,0.4957182634917087,0.3614263410835002,0.82306785082671,0.13797131807927812,0.029916957736690626,0.013,0.2192808537719685,0.0121092447981843,0.0018994893801073409,0.9209681440443214,0.49394422310756975,0.233
1641730,noah_clowney,Noah Clowney,bkn,F-C,PF,82.0,True,1660.4483333333333,119.615,21.0,66,1780.0633333333333,250,631,129,392,180,224,52,221,273,108,102,50,45,168,809,0.202,0.029,0.329,0.804,831.56,26.970656565656565,63.61537334921026,0.5062761506276151,0.329,0.804,0.5080338516089477,0.3298419412227639,0.8026861350500736,0.12266102265621243,0.04001319824818957,0.029,0.04860966265245409,0.011908689954818325,0.010717820959336492,0.8693893540669857,0.45397781299524564,0.202
1642281,jaylon_tyson,Jaylon Tyson,cle,G-F,SG,78.0,True,1220.2783333333334,557.205,23.0,66,1777.4833333333331,330,670,133,298,79,107,118,220,338,147,99,54,28,164,872,0.189,0.064,0.446,0.738,816.08,26.931565656565652,63.52317007746845,0.5295698924731183,0.446,0.738,0.530105835211068,0.44349500120633467,0.7421244068522839,0.12131163611410646,0.03911719899712398,0.064,0.058090446449225064,0.012880053328321312,0.00667854617024068,0.8689264354066986,0.38597014925373135,0.189
203935,marcus_smart,Marcus Smart,lal,G,SG,75.0,True,1595.225,173.75333333333333,32.0,62,1768.9783333333332,188,476,97,293,106,129,36,136,172,185,92,87,23,162,579,0.151,0.022,0.331,0.822,624.76,28.531908602150537,67.29788033423668,0.4972677595628415,0.331,0.822,0.5000022230602486,0.33200151937805633,0.8189104719548,0.14725654651386133,0.038825936460842446,0.022,0.07647711232103246,0.02085096587711909,0.0055123243123418285,0.887877865025467,0.5198319327731092,0.151
1641729,brice_sensabaugh,Brice Sensabaugh,uta,F,SF,78.0,False,671.855,1090.0116666666668,22.0,75,1761.8666666666666,394,857,162,442,166,201,56,175,231,143,124,54,12,143,1116,0.244,0.03,0.367,0.826,1069.44,23.491555555555554,55.4092583390545,0.5590361445783133,0.367,0.826,0.558824538942654,0.3663638503795378,0.8238320170697498,0.11594853381208857,0.03441061518996686,0.03,0.05112330893284561,0.012994218323483988,0.002887604071885331,0.8281894736842106,0.6209334889148191,0.244
1630559,austin_reaves,Austin Reaves,lal,G,SG,77.0,True,1612.9833333333331,148.66666666666666,28.0,51,1761.65,373,762,118,328,323,371,33,207,240,280,151,56,20,110,1187,0.258,0.02,0.36,0.871,1076.24,34.5421568627451,81.47418286837772,0.5875576036866359,0.36,0.871,0.5867126780419549,0.35975284133594987,0.8683164189021448,0.14030327807923884,0.02647295952120772,0.02,0.15805923090691304,0.013477143028978478,0.004813265367492313,0.9590518575851394,0.330498687664042,0.258
1630200,tre_jones,Tre Jones,chi,G,PG,73.0,True,1157.9,594.4733333333334,26.0,65,1752.3733333333332,341,617,41,130,191,227,38,166,204,350,92,76,11,94,914,0.186,0.02,0.315,0.841,808.88,26.959589743589742,63.58927016496422,0.6160164271047228,0.315,0.841,0.6146889920535774,0.318546145511079,0.8389390531718026,0.11373751359905054,0.02274210479853303,0.02,0.14496560223863258,0.01838723366689905,0.0026613101359985467,0.8692582995951417,0.6104700162074553,0.186
1630572,sandro_mamukelashvili,Sandro Mamukelashvili,tor,F-C,C,81.0,False,398.65833333333336,1352.0333333333333,27.0,80,1750.6916666666666,330,631,115,296,118,158,108,287,395,151,67,64,41,147,893,0.181,0.06,0.389,0.747,767.52,21.883645833333333,51.616700414408314,0.6417910447761194,0.389,0.747,0.6391316784076173,0.3875701319331734,0.7489794976292691,0.08729414217219096,0.03559894346689156,0.06,0.049029856656371266,0.015498859740687486,0.009928957021377919,0.8091484375,0.4735657686212361,0.181
202699,tobias_harris,Tobias Harris,det,F,PF,80.0,True,1745.45,0.0,33.0,63,1745.45,309,659,82,223,136,157,55,268,323,157,63,58,26,107,836,0.181,0.03,0.368,0.866,791.08,27.705555555555556,65.34877103282145,0.5206422018348624,0.368,0.866,0.521301410427417,0.3673667827105196,0.8612488359384265,0.0796379632906912,0.02598997152616183,0.03,0.06471232821626403,0.014088021948760618,0.006315320183927173,0.878092105263158,0.4584825493171472,0.181
1630173,precious_achiuwa,Precious Achiuwa,sac,F,C,80.0,True,1468.4116666666666,276.7733333333333,26.0,73,1745.185,316,598,27,97,77,139,177,315,492,101,65,65,50,123,736,0.172,0.098,0.278,0.554,724.16,23.90664383561644,56.38832222816202,0.5768463073852296,0.278,0.554,0.5763217789640469,0.28594822777150525,0.569319165112196,0.08975916924436589,0.029880859019561497,0.098,0.03716034315661007,0.015790697855865832,0.012146690658358331,0.8331049927901948,0.514314381270903,0.172
1629023,pj_washington,P.J. Washington,dal,F,PF,79.0,True,1665.1916666666666,70.42833333333333,27.0,56,1735.62,296,658,76,234,125,182,84,310,394,98,94,55,60,119,793,0.194,0.045,0.325,0.687,832.08,30.993214285714284,73.10333336817655,0.5188679245283019,0.325,0.687,0.5195862420521382,0.32621500152275024,0.6918153937589439,0.11296990673973656,0.02906844191765759,0.045,0.04785612196283945,0.013434994163623254,0.014656357269407188,0.9170249060150376,0.28820668693009116,0.194
1630581,josh_giddey,Josh Giddey,chi,G,PG,79.0,True,1653.665,77.69166666666666,23.0,54,1731.3566666666666,321,717,103,283,174,228,67,381,448,494,196,55,27,90,919,0.238,0.037,0.364,0.763,1013.32,32.06216049382716,75.62464433269764,0.5023041474654378,0.364,0.763,0.5033793447086216,0.3638104449540992,0.7639855277383076,0.19342359767891681,0.02203867114183642,0.037,0.25100692766231675,0.013468076808900036,0.006611601342550926,0.9296834795321638,0.5699581589958158,0.238
1629628,rj_barrett,RJ Barrett,tor,F-G,SF,78.0,True,1725.76,0.0,26.0,57,1725.76,401,816,96,283,200,279,55,245,300,189,99,42,19,147,1098,0.254,0.033,0.339,0.717,1037.76,30.276491228070174,71.41280704416869,0.5722326454033771,0.339,0.717,0.5718239945683756,0.339919659971164,0.7191299501789523,0.09539777983348752,0.036113233398401196,0.033,0.09317453541991066,0.010318066685257483,0.0046676968338069565,0.9085373961218837,0.5061764705882353,0.254
1630643,jay_huff,Jay Huff,ind,C,C,85.0,True,1099.0116666666668,620.2316666666667,28.0,82,1719.243333333333,291,611,119,373,82,99,73,251,324,121,76,41,153,196,783,0.178,0.041,0.319,0.828,730.56,20.966382113821137,49.45316116817592,0.7226890756302521,0.319,0.828,0.7157275364944676,0.32009519679256154,0.82411518900658,0.10402978537012704,0.048333490639971326,0.041,0.03960720130932897,0.010110577123667473,0.03772971463222252,0.7982861039794609,0.4866448445171849,0.178
1626181,norman_powell,Norman Powell,mia,G,SG,75.0,True,1560.25,156.68666666666667,33.0,58,1716.9366666666667,421,895,156,410,263,318,22,180,202,143,111,64,14,127,1261,0.262,0.012,0.38,0.827,1145.92,29.602356321839082,69.82273289661404,0.5463917525773195,0.38,0.827,0.5464655132335919,0.37999157231321684,0.8256968158588939,0.09686540072605417,0.031360204357168284,0.012,0.06768879088400662,0.015803567550069057,0.0034570304015776065,0.9005542196007261,0.4367150837988827,0.262
1642285,cam_spencer,Cam Spencer,mem,G,SG,75.0,False,554.9283333333333,1159.5233333333333,26.0,72,1714.4516666666666,263,556,146,325,126,134,40,143,183,400,93,52,11,103,798,0.166,0.022,0.449,0.94,707.96,23.811828703703704,56.164682881411224,0.5064935064935064,0.449,0.94,0.5083005354797842,0.44655659812403303,0.9293649694563696,0.1313633538618001,0.02547073146617953,0.022,0.14740645532415936,0.01285901006059549,0.002720175205125969,0.8319821820175439,0.5405035971223021,0.166
1642276,kelel_ware,Kel'el Ware,mia,C,C,84.0,True,906.5383333333332,797.2833333333333,22.0,77,1703.8216666666667,344,649,92,233,71,96,217,477,694,56,62,59,84,119,851,0.174,0.113,0.395,0.74,753.24,22.12755411255411,52.19200403031477,0.6057692307692307,0.395,0.74,0.6044611010578121,0.39340107148786446,0.7436656188841246,0.08231108278901811,0.02961094470633656,0.113,0.01854559259468672,0.014681056619108042,0.02090184332211992,0.8120368250170882,0.5303852080123267,0.174
1628415,dillon_brooks,Dillon Brooks,phx,G-F,SF,79.0,True,1701.5833333333333,0.0,30.0,56,1701.5833333333333,417,959,127,369,170,202,43,160,203,99,98,57,9,183,1131,0.279,0.024,0.344,0.842,1145.88,30.385416666666664,71.6697282068654,0.4915254237288136,0.344,0.842,0.49250071508438,0.34458168963469943,0.8388139415175341,0.08552378957656996,0.045596058818932535,0.024,0.0526875997871208,0.014202051107536362,0.002242429122242584,0.909827302631579,0.4964546402502607,0.279
203471,dennis_schroder,Dennis Schröder,cle,G,PG,73.0,False,518.7016666666667,1177.5966666666666,32.0,70,1696.2983333333334,255,629,75,228,171,205,33,157,190,341,124,55,11,109,756,0.21,0.019,0.329,0.834,843.2,24.232833333333335,57.15770159530263,0.4488778054862843,0.329,0.834,0.4513392434321849,0.33023722845189524,0.8317607237289173,0.14705882352941177,0.0272429228902169,0.019,0.12271031728617193,0.013746428981302105,0.002749285796260421,0.8369677631578949,0.5735135135135135,0.21
203924,jerami_grant,Jerami Grant,por,F,PF,79.0,True,1206.08,489.02166666666665,32.0,57,1695.1016666666667,331,730,136,350,262,322,55,143,198,122,119,42,36,142,1060,0.228,0.03,0.389,0.814,990.6800000000001,29.73862573099415,70.14414996402479,0.5131578947368421,0.389,0.814,0.5141036642323794,0.38776794547653076,0.8127366132581844,0.12011951386926151,0.035515835197277724,0.03,0.06107149833951944,0.010504683649899045,0.009004014557056324,0.9021679362880887,0.6433424657534247,0.228
1630171,isaac_okoro,Isaac Okoro,chi,F-G,SG,76.0,True,1671.6066666666666,23.28333333333333,25.0,63,1694.89,211,459,73,221,89,112,69,104,173,100,46,46,29,162,584,0.137,0.04,0.33,0.795,554.28,26.903015873015875,63.45583003570355,0.5798319327731093,0.33,0.795,0.5786307623009193,0.33158640853485305,0.7936766852599771,0.0829905462942917,0.04052312561322974,0.04,0.04065725930406671,0.011506566532151654,0.007254139770269521,0.8685883458646617,0.48257080610021785,0.137
1629008,michael_porter_jr,Michael Porter Jr.,bkn,F,SF,82.0,True,1688.6033333333332,0.0,28.0,52,1688.6033333333332,444,958,176,485,195,227,69,298,367,158,122,55,13,116,1259,0.292,0.04,0.363,0.859,1179.88,32.47314102564103,76.59401932388299,0.5665961945031712,0.363,0.859,0.566253476295296,0.36282113206373956,0.8558166903026043,0.10340034579787774,0.029124587669649146,0.04,0.1050906849226177,0.013809071739919854,0.0032639624112537832,0.9345503542510122,0.23845511482254694,0.292
1631230,dominick_barlow,Dominick Barlow,phi,F,PF,81.0,True,1431.655,256.86333333333334,23.0,71,1688.5183333333334,215,399,21,82,94,131,133,207,340,87,56,63,53,150,545,0.125,0.075,0.256,0.718,512.64,23.78194835680751,56.09420445538635,0.61198738170347,0.256,0.718,0.6100930552006972,0.267352830125555,0.7221883376008313,0.10923845193508115,0.037663000604961104,0.075,0.03165995065059556,0.015818460254083667,0.01330759354708626,0.8316283358042995,0.4475689223057644,0.125
1628379,luke_kennard,Luke Kennard,lal,G,SG,77.0,False,163.48666666666668,1516.99,30.0,78,1680.4766666666667,236,443,117,245,63,69,32,150,182,174,60,55,8,101,652,0.131,0.019,0.478,0.913,533.36,21.54457264957265,50.816932447131315,0.601010101010101,0.478,0.913,0.598559755051096,0.47292729557471,0.8965639949584457,0.11249437528123593,0.02548110900277083,0.019,0.05716529375941536,0.013875851437152434,0.0020183056635858085,0.805133097165992,0.47607223476297966,0.131
1629661,cameron_johnson,Cameron Johnson,den,F,SF,80.0,True,1647.0316666666668,0.0,30.0,54,1647.0316666666668,228,475,110,256,94,112,43,163,206,132,47,40,21,125,660,0.144,0.027,0.43,0.839,571.28,30.500586419753088,71.94137776138379,0.5388127853881278,0.43,0.839,0.5393031836271964,0.4270543622990641,0.8346602918173542,0.082271390561546,0.03217640371710181,0.027,0.062176880126835324,0.010296449189472577,0.005405635824473104,0.9111911549707603,0.37360000000000004,0.144
201572,brook_lopez,Brook Lopez,lac,C,C,85.0,True,1085.9766666666667,549.2966666666666,38.0,75,1635.2733333333333,232,542,114,317,56,74,47,226,273,97,61,45,87,154,634,0.171,0.03,0.36,0.757,635.56,21.803644444444444,51.4280020707016,0.5244444444444445,0.36,0.757,0.5255337406409701,0.35962220297110414,0.7598637571633001,0.09597834980174964,0.03992636794465543,0.03,0.03456367381347609,0.011666795827983727,0.022555805267435208,0.788201052631579,0.5174169741697418,0.171
1642860,will_riley,Will Riley,was,F,SF,81.0,False,611.8233333333334,1020.6483333333332,20.0,74,1632.4716666666666,271,618,78,247,144,180,56,156,212,146,94,54,9,91,764,0.196,0.033,0.316,0.8,791.2,22.060427927927925,52.03367428086623,0.5202156334231806,0.316,0.8,0.5209985014452179,0.317495954753117,0.7990976610616696,0.11880687563195146,0.02363334411273595,0.033,0.05172607474616548,0.014024182220744407,0.0023373637034574016,0.8112419096728307,0.5498381877022653,0.196
1642262,cody_williams,Cody Williams,uta,F,SG,80.0,True,1257.263333333333,373.2783333333333,21.0,67,1630.5416666666667,238,509,28,131,84,119,61,137,198,137,73,51,26,122,588,0.159,0.036,0.214,0.706,634.36,24.336442786069654,57.40208400409876,0.5555555555555556,0.214,0.706,0.5554134769346082,0.22408837142944016,0.711849268230366,0.11507661264896904,0.0317217667960982,0.036,0.05243480655505094,0.013260738578696788,0.00676037653031601,0.8381947172034565,0.41426326129666013,0.159
1631097,bennedict_mathurin,Bennedict Mathurin,lac,G-F,SF,77.0,False,805.2133333333334,814.8016666666666,24.0,54,1620.015,291,677,75,238,292,336,55,238,293,129,118,43,13,137,949,0.246,0.034,0.315,0.869,942.84,30.00027777777778,70.76130559771154,0.4920273348519362,0.315,0.869,0.49331944109271264,0.3169212111756091,0.8665565190801076,0.12515379067498197,0.03585345148180938,0.034,0.06801435129817521,0.01125327309283068,0.003402152330390671,0.9052664473684211,0.3785819793205318,0.246
1626171,bobby_portis_jr,Bobby Portis Jr.,mil,F,PF,81.0,False,294.93333333333334,1324.38,31.0,67,1619.3133333333333,366,750,135,296,48,68,89,339,428,105,66,41,12,110,915,0.225,0.055,0.456,0.706,845.92,24.168855721393033,57.006798347557606,0.5088105726872246,0.456,0.706,0.5096992005401465,0.45292960905735646,0.7157507128425283,0.07802156232267828,0.028799916718116485,0.055,0.044357892459158284,0.010734514413116144,0.003141809096521798,0.8362101335428123,0.54288,0.225
1629012,collin_sexton,Collin Sexton,chi,G,SG,75.0,False,619.485,993.7183333333334,27.0,68,1613.2033333333334,360,742,112,279,218,255,41,114,155,223,141,76,10,144,1050,0.248,0.024,0.401,0.855,995.2,23.723578431372548,55.95652799245444,0.5356371490280778,0.401,0.855,0.5359417104664439,0.3999877521506957,0.8521832286857254,0.14168006430868166,0.03784450420349682,0.024,0.08840307858910891,0.019973488329623323,0.002628090569687279,0.830937113003096,0.42830188679245285,0.248
1642907,cedric_coward,Cedric Coward,mem,G,SG,77.0,True,1206.01,391.93666666666667,22.0,62,1597.9466666666667,305,648,93,275,140,166,83,281,364,171,105,40,27,126,843,0.207,0.05,0.338,0.843,826.04,25.773333333333333,60.79126099367661,0.5683646112600537,0.338,0.843,0.5678862377300992,0.338934948672109,0.839934975009757,0.12711248849934628,0.033430102144575036,0.05,0.07572500945077497,0.01061273083954763,0.00716359331669465,0.8552105263157895,0.38456790123456797,0.207
1631212,peyton_watson,Peyton Watson,den,G,SF,80.0,True,1319.8183333333334,277.94,23.0,54,1597.7583333333334,285,581,81,197,138,189,49,215,264,111,93,50,61,136,789,0.204,0.033,0.411,0.73,757.16,29.58811728395062,69.78914744387568,0.53125,0.411,0.73,0.5317269772858578,0.40867855251957036,0.7328068120689308,0.12282740768133552,0.03608753811678108,0.033,0.0537276429962812,0.013267477248816575,0.01618632224355622,0.9003855994152048,0.32643717728055077,0.204
1630529,herbert_jones,Herbert Jones,nop,F,SF,79.0,True,1588.381666666667,0.0,27.0,56,1588.381666666667,183,478,80,259,50,62,47,143,190,155,73,88,27,177,496,0.153,0.029,0.309,0.806,578.28,28.363958333333336,66.90173799232161,0.4703196347031963,0.309,0.806,0.47380100022108285,0.310767510674911,0.8031743833571835,0.1262364252611192,0.04724412818807554,0.029,0.07121485482479241,0.023488606104805916,0.007206731418519997,0.885888980263158,0.5468619246861924,0.153
1626162,kelly_oubre_jr,Kelly Oubre Jr.,phi,F-G,SF,80.0,True,1348.285,226.02666666666667,30.0,50,1574.3116666666667,254,544,86,239,111,145,50,202,252,80,69,68,24,127,705,0.179,0.031,0.36,0.766,676.8,31.486233333333335,74.2662116505872,0.5508196721311476,0.36,0.766,0.5507950128591365,0.35982514205442195,0.7666358425917239,0.10195035460992909,0.03420128674329542,0.031,0.0436541737649063,0.018312499988536134,0.006463235290071576,0.9228632894736843,0.5211764705882352,0.179
1630591,jalen_suggs,Jalen Suggs,orl,G,PG,77.0,True,1560.2866666666666,13.283333333333331,25.0,57,1573.57,282,649,122,360,100,117,36,184,220,312,152,105,40,145,786,0.22,0.022,0.339,0.855,852.48,27.606491228070173,65.11510915798982,0.5536332179930796,0.339,0.855,0.5535131406375517,0.33944989289608396,0.8490437448954111,0.1783033033033033,0.039067117939564536,0.022,0.15177347879478187,0.028289981956236387,0.010777135983328147,0.8769189750692521,0.5628659476117103,0.22
1630692,jordan_goodwin,Jordan Goodwin,phx,G,PG,75.0,False,265.7333333333333,1306.0433333333333,27.0,70,1571.7766666666666,229,555,112,302,39,56,138,203,341,151,68,106,14,133,609,0.167,0.08,0.371,0.696,647.64,22.45395238095238,52.9618758224287,0.4624505928853755,0.371,0.696,0.46578109905181736,0.37050147554984314,0.709523569722988,0.10499660305107776,0.03587486225696283,0.08,0.05717531238167361,0.028591995482992936,0.0037763012902066145,0.8159020676691731,0.49243243243243245,0.167
201950,jrue_holiday,Jrue Holiday,por,G,PG,76.0,True,1523.23,37.17166666666667,36.0,53,1560.4016666666666,320,709,137,362,88,105,71,174,245,322,146,54,6,78,865,0.227,0.042,0.378,0.838,901.2,29.441540880503144,69.44341938913603,0.5273775216138329,0.378,0.838,0.52801240630428,0.3779474741170728,0.8332917878410192,0.16200621393697293,0.021192765652288496,0.042,0.1745026766241491,0.014671914682353576,0.0016302127424837308,0.8886498262164846,0.2564456981664316,0.227
1642844,dylan_harper,Dylan Harper,sas,G,SG,77.0,False,109.16666666666669,1448.79,20.0,69,1557.9566666666667,331,656,61,178,90,119,54,180,234,266,99,54,24,139,813,0.211,0.033,0.343,0.756,807.36,22.579082125603865,53.25701789298667,0.5648535564853556,0.343,0.756,0.5645500595299754,0.34359819346569714,0.7583608961373427,0.12262187871581451,0.03782586470896775,0.033,0.0997639912914616,0.014694940246649343,0.006531084554066374,0.8173838672768879,0.49817073170731707,0.211
1641842,ronald_holland_ii,Ronald Holland II,det,F,SF,80.0,False,140.13333333333333,1410.315,20.0,78,1550.4483333333333,235,544,50,198,120,149,83,232,315,95,96,92,27,183,640,0.184,0.052,0.253,0.805,705.56,19.877542735042734,46.88492841382346,0.5346820809248555,0.253,0.805,0.535113564748955,0.25767529024784164,0.8039531798850139,0.13606213504166903,0.05004068312626688,0.052,0.03014589218683487,0.02515706474107406,0.007383051608793474,0.7853919534412956,0.46448529411764705,0.184
1631106,tari_eason,Tari Eason,hou,F,PF,80.0,True,963.9733333333334,585.1316666666667,25.0,60,1549.105,241,580,93,260,52,67,124,252,376,90,81,72,28,138,627,0.181,0.077,0.358,0.776,690.48,25.818416666666668,60.89759852664861,0.4625,0.358,0.776,0.4651528153049333,0.35776466804278173,0.77699422859373,0.1173096976016684,0.0377683201907137,0.077,0.03851412706530702,0.019705210534285412,0.007663137429999883,0.8557444078947369,0.5540689655172414,0.181
1628989,kevin_huerter,Kevin Huerter,det,G-F,SG,78.0,False,377.675,1171.4016666666666,27.0,69,1549.0766666666666,269,596,100,325,55,71,34,206,240,178,72,63,33,115,693,0.184,0.021,0.308,0.775,699.24,22.45038647342995,52.95346495790949,0.6236162361623616,0.308,0.775,0.620997968151701,0.3092431652882121,0.7756611802681137,0.10296893770379269,0.03147417582572606,0.021,0.06528253616122943,0.017242374582789054,0.009031720019556173,0.8158598398169337,0.3608724832214765,0.184
1630541,moses_moody,Moses Moody,gsw,G,SG,77.0,True,1310.0983333333334,229.8,24.0,60,1539.8983333333333,245,557,151,377,87,113,51,149,200,98,57,58,34,122,728,0.174,0.031,0.401,0.77,663.72,25.66497222222222,60.535670903643485,0.5222222222222223,0.401,0.77,0.5236864686875157,0.3994740578076255,0.7709638666806278,0.08587958777797866,0.03358901128839975,0.031,0.04431699112116032,0.015968546350222834,0.009360871998406487,0.853927302631579,0.5064631956912029,0.174
1629611,terance_mann,Terance Mann,bkn,G-F,SG,78.0,True,1311.5316666666668,217.485,29.0,63,1529.0166666666669,168,368,56,154,63,80,70,130,200,190,71,41,15,155,455,0.133,0.044,0.364,0.788,474.2,24.270105820105822,57.24561577551227,0.5233644859813084,0.364,0.788,0.5245554868331606,0.363393051046043,0.7869839511301913,0.14972585407001265,0.04297826876324563,0.044,0.08670150308574989,0.011368445285761747,0.004159187299668932,0.8374091478696744,0.4956521739130435,0.133
1628386,jarrett_allen,Jarrett Allen,cle,C,C,81.0,True,1519.12,0.0,28.0,56,1519.12,337,528,1,10,185,261,144,332,476,100,75,55,47,95,860,0.196,0.097,0.1,0.709,717.84,27.127142857142854,63.98447574138598,0.6486486486486487,0.1,0.709,0.6467811156261893,0.22982301857755302,0.7115444856151927,0.10448010698762955,0.02651312762622668,0.097,0.04784409825544081,0.015349705467815446,0.0131170210361332,0.8712424812030075,0.3936363636363636,0.196
1642268,isaiah_collier,Isaiah Collier,uta,G,PG,76.0,False,582.245,934.675,21.0,59,1516.92,255,515,27,100,151,209,21,129,150,423,148,66,20,138,688,0.204,0.013,0.27,0.722,754.96,25.710508474576272,60.643076731431734,0.5493975903614458,0.27,0.722,0.5494127742367717,0.2781496397413733,0.7252445461265626,0.19603687612588747,0.038569663297362784,0.013,0.1875517056791085,0.018446360707434373,0.0055898062749801134,0.8544665477252453,0.4836893203883495,0.204
1630198,isaiah_joe,Isaiah Joe,okc,G,SG,76.0,False,269.80833333333334,1237.6366666666668,26.0,71,1507.445,247,543,181,428,110,123,33,148,181,94,45,50,11,121,785,0.178,0.022,0.423,0.894,642.12,21.231619718309858,50.078774015038746,0.5739130434782609,0.423,0.894,0.5720034324050238,0.42145310587112117,0.8859289894865956,0.07008035881143711,0.0340308920422232,0.022,0.03341715078470476,0.014062352083563304,0.003093717458383927,0.8014270756115642,0.521657458563536,0.178
1629111,jock_landale,Jock Landale,atl,C,C,83.0,False,716.325,789.7516666666667,30.0,68,1506.0766666666666,282,548,74,193,80,126,183,204,387,115,60,35,36,150,718,0.177,0.111,0.383,0.635,663.44,22.148186274509804,52.24066887029067,0.5859154929577465,0.383,0.635,0.5849326823304877,0.38224857325887224,0.6457982029538031,0.09043771855781985,0.0422253849470841,0.111,0.04286831290686257,0.009852589820986288,0.010134092387300184,0.8122811532507741,0.5112408759124087,0.177
1642258,zaccharie_risacher,Zaccharie Risacher,atl,F,SF,80.0,True,1117.19,386.0633333333333,21.0,67,1503.253333333333,244,536,95,258,58,90,71,186,257,76,58,59,36,147,641,0.168,0.044,0.368,0.644,633.6,22.43661691542288,52.92098686189647,0.5359712230215827,0.368,0.644,0.5364598230924583,0.3678972401923547,0.6582855560171721,0.09154040404040403,0.04145859669003994,0.044,0.028389600805404595,0.016639844930016034,0.010153125720009783,0.8156967792615868,0.528955223880597,0.168
202691,klay_thompson,Klay Thompson,dal,G,SF,77.0,False,168.18833333333333,1328.6416666666669,36.0,69,1496.83,286,728,202,527,36,47,18,125,143,96,63,33,22,70,810,0.214,0.011,0.383,0.766,811.68,21.693188405797102,51.1674706995012,0.417910447761194,0.383,0.766,0.42417264952904254,0.3828611924982329,0.768922028100302,0.07761679479597872,0.019826908380544166,0.011,0.03689607979152215,0.009346971093685107,0.006231314062456737,0.7968930205949658,0.4085714285714286,0.214
1641750,ryan_kalkbrenner,Ryan Kalkbrenner,cha,C,C,85.0,True,794.3166666666667,684.815,24.0,69,1479.131666666667,219,291,0,5,83,116,167,210,377,54,62,32,101,107,521,0.113,0.109,0.0,0.716,404.04,21.436690821256043,50.56247283584045,0.7657342657342657,0.0,0.716,0.7584473954413108,0.2397640247700707,0.720861552394581,0.15345015345015345,0.030669477790689688,0.109,0.020723060723060724,0.009172180273851123,0.028949693989342603,0.8038555491990849,0.4995876288659794,0.113
1631165,keon_ellis,Keon Ellis,cle,G,SG,76.0,False,299.4433333333333,1179.195,26.0,72,1478.638333333333,169,384,91,251,51,70,38,97,135,72,41,83,46,134,480,0.129,0.025,0.363,0.729,455.8,20.536643518518517,48.43954175122955,0.5864661654135338,0.363,0.729,0.5839190842701256,0.36243854548487,0.7353569450214652,0.08995173321632295,0.0384213195217494,0.025,0.024393670206172786,0.023798280002277614,0.013189408194033376,0.7931970942982456,0.5095833333333333,0.129
1630172,patrick_williams,Patrick Williams,chi,F,PF,78.0,False,196.655,1277.125,24.0,72,1473.78,178,478,95,274,54,75,49,166,215,105,75,49,26,93,505,0.159,0.03,0.347,0.72,586.0,20.469166666666666,48.28038488708221,0.4068627450980392,0.347,0.72,0.4135534067786354,0.3471706351110953,0.7273947717849084,0.12798634812286688,0.026753445932289205,0.03,0.03653320660567898,0.014095901620238398,0.007479458002575477,0.7923980263157895,0.49531380753138077,0.159
1642266,jakobe_walter,Ja'Kobe Walter,tor,G,SG,76.0,False,487.83166666666665,985.7433333333332,21.0,72,1473.575,180,404,110,269,71,90,56,129,185,86,37,73,14,162,541,0.136,0.037,0.409,0.789,480.6,20.466319444444444,48.27366917720566,0.5185185185185185,0.409,0.789,0.5206926141422619,0.40715577194104324,0.7882855560171721,0.07698709945900957,0.04660926004486163,0.037,0.029770347855454234,0.021002938168363572,0.004027960744617671,0.7923643092105264,0.4552475247524752,0.136
1642349,ajay_mitchell,Ajay Mitchell,okc,G,SG,76.0,False,457.0283333333333,1015.77,24.0,57,1472.7983333333334,286,590,61,176,141,162,40,150,190,206,81,71,18,119,774,0.21,0.027,0.347,0.87,742.28,25.83856725146199,60.94512747618821,0.5434782608695652,0.347,0.87,0.5436330873835565,0.34729279769651106,0.8652823000099839,0.1091232419033249,0.034255721247958726,0.027,0.09490634094816447,0.020438287467269497,0.005181537667758463,0.8559830332409972,0.491593220338983,0.21
1631101,shaedon_sharpe,Shaedon Sharpe,por,G,SG,77.0,True,1271.6816666666666,199.62,23.0,50,1471.3016666666667,392,868,103,306,155,197,51,166,217,132,147,70,6,98,1042,0.293,0.032,0.337,0.787,1101.68,29.426033333333336,69.40684191833788,0.5142348754448398,0.337,0.787,0.5148608899486503,0.33733057079604767,0.7866113797184408,0.13343257570256334,0.028239290908900313,0.032,0.07996690209521558,0.020170922077785938,0.0017289361780959374,0.8984661842105264,0.49612903225806454,0.293
1641731,bilal_coulibaly,Bilal Coulibaly,was,G,SG,79.0,True,1467.605,0.0,21.0,56,1467.605,230,541,65,204,132,177,48,195,243,145,81,75,54,130,657,0.193,0.03,0.319,0.746,699.88,26.207232142857144,61.814693059427036,0.4896142433234421,0.319,0.746,0.4913557033159308,0.32054420734369654,0.747746286640199,0.11573412585014574,0.03755464043470717,0.03,0.06868544492455576,0.02166613871233106,0.015599619872878365,0.8603488016917293,0.5929390018484288,0.193
1628960,grayson_allen,Grayson Allen,phx,G,SG,75.0,True,836.6033333333334,630.675,30.0,51,1467.2783333333334,269,667,159,455,144,168,37,118,155,195,83,69,13,117,841,0.231,0.023,0.349,0.857,823.92,28.770163398692812,67.85984914643004,0.5188679245283019,0.349,0.857,0.5202722029307566,0.34966980725064745,0.8529694134927934,0.10073793572191475,0.03380670125140577,0.023,0.1070252469813392,0.01993728535339315,0.003756300139045086,0.8906993034055728,0.4147226386806596,0.231
1630314,brandon_williams,Brandon Williams,dal,G,PG,73.0,False,399.41333333333336,1063.2316666666666,26.0,66,1462.645,291,617,36,155,241,304,30,161,191,256,125,62,20,103,859,0.242,0.019,0.232,0.793,875.76,22.161287878787878,52.27157147162684,0.551948051948052,0.232,0.793,0.5519076886665847,0.23997854770637006,0.7924476293048319,0.14273316890472276,0.029855732603202144,0.019,0.1035874660745127,0.017971411858238185,0.005797229631689737,0.8124363038277513,0.33176661264181523,0.242
1642450,daniss_jenkins,Daniss Jenkins,det,G,PG,76.0,False,642.32,812.98,24.0,72,1455.3,232,568,73,195,134,161,51,115,166,278,115,64,15,107,671,0.209,0.034,0.374,0.832,753.84,20.2125,47.67498821138212,0.4262734584450402,0.374,0.832,0.42950503668571277,0.3736412701051271,0.8294067579047791,0.1525522657327815,0.031171714285947342,0.034,0.09606567325197223,0.018644763685052614,0.004369866488684207,0.789358552631579,0.4498591549295774,0.209
1628991,jaren_jackson_jr,Jaren Jackson Jr.,uta,F-C,C,82.0,True,1454.6483333333333,0.0,26.0,48,1454.6483333333333,342,719,84,235,163,203,42,230,272,94,107,53,69,179,931,0.253,0.027,0.357,0.803,915.32,30.305173611111112,71.4804598468082,0.5330578512396694,0.357,0.803,0.5334016782401376,0.3575365729451064,0.8020119981301278,0.11689900799720315,0.05217043475459936,0.027,0.055283013454973176,0.015447111966445621,0.02011039105065562,0.9088770559210527,0.11602225312934633,0.253
1627826,ivica_zubac,Ivica Zubac,ind,C,C,84.0,True,1425.915,20.78333333333333,29.0,48,1446.6983333333333,288,482,0,0,101,142,162,347,509,105,86,18,40,112,677,0.186,0.117,0.0,0.711,630.48,30.13954861111111,71.08980208935562,0.5975103734439834,0.0,0.711,0.5965455875012764,0.35964603715510607,0.7159773394849817,0.13640400964344626,0.032822335479292426,0.117,0.06285038542396636,0.005275018202029139,0.011722262671175866,0.9069157072368421,0.47759336099585065,0.186
1629750,javonte_green,Javonte Green,det,G,SG,77.0,False,190.995,1254.9666666666667,32.0,82,1445.9616666666666,185,414,94,247,105,125,62,168,230,56,45,102,25,107,569,0.143,0.042,0.381,0.84,514.0,17.633678861788617,41.59235284398617,0.5449101796407185,0.381,0.84,0.5452001641278417,0.3797527640916384,0.8357670785312387,0.08754863813229571,0.03137302796201778,0.042,0.016592592592592596,0.029906998617998257,0.007330146720097612,0.7588198812580231,0.3561352657004831,0.143
1642848,tre_johnson,Tre Johnson,was,G,SG,77.0,True,1040.5766666666666,402.24,20.0,60,1442.8166666666666,271,647,115,321,76,87,29,141,170,122,93,33,18,122,733,0.22,0.018,0.358,0.874,778.28,24.046944444444442,56.71924763926528,0.4785276073619632,0.358,0.874,0.4806560388411547,0.3582974633581603,0.8642119134197651,0.11949426941460657,0.03584908858920951,0.018,0.05453019219657905,0.009696884618392737,0.005289209791850584,0.8347664473684211,0.38921174652241114,0.22
1628374,lauri_markkanen,Lauri Markkanen,uta,F-C,PF,85.0,True,1442.5966666666666,0.0,29.0,42,1442.5966666666666,384,805,115,324,240,268,84,205,289,89,63,42,21,77,1123,0.269,0.054,0.355,0.896,985.92,34.34753968253968,81.01514159332388,0.5592515592515592,0.355,0.896,0.5590640102864114,0.3550792226693146,0.8914696244666087,0.06389970788704966,0.02262951464722751,0.054,0.06343328987396783,0.01234337162576046,0.00617168581288023,0.9567471804511278,0.5749316770186335,0.269
203114,khris_middleton,Khris Middleton,dal,F,SF,79.0,True,1195.29,243.79666666666665,34.0,63,1439.0866666666666,227,540,67,186,119,136,51,180,231,176,108,41,9,144,640,0.198,0.033,0.36,0.875,707.84,22.842645502645503,53.87868175908003,0.4519774011299435,0.36,0.875,0.45467150838084613,0.36018602230383195,0.8686887369980631,0.1525768535262206,0.042423352077077876,0.033,0.07303569801925082,0.01207887107750134,0.0026514595048173673,0.8205050125313285,0.5805185185185184,0.198
1631321,sidy_cissoko,Sidy Cissoko,por,G,SF,78.0,False,658.585,776.47,22.0,75,1435.055,133,334,59,198,58,88,62,104,166,110,70,52,25,183,383,0.123,0.041,0.298,0.659,442.72,19.13406666666667,45.1313000751581,0.5441176470588235,0.298,0.659,0.5445234866481368,0.3009445210170724,0.6717199551195634,0.15811348030357789,0.05406447401108802,0.041,0.03752954099124588,0.015362582779106978,0.007385857105339893,0.7765876315789475,0.5081437125748502,0.123
1628436,luke_kornet,Luke Kornet,sas,C-F,C,85.0,False,644.8416666666667,785.2383333333333,30.0,68,1430.08,175,272,0,0,94,114,181,233,414,126,28,32,65,120,444,0.1,0.116,0.0,0.825,350.16,21.03058823529412,49.60460339869282,0.6433823529411765,0.0,0.825,0.6400724434419433,0.35964603715510607,0.8211980290461065,0.07996344528215672,0.03557544585467737,0.116,0.045342438099584846,0.009486785561247298,0.019270033171283573,0.799046439628483,0.5511764705882353,0.1
1631248,baylor_scheierman,Baylor Scheierman,bos,G,SG,78.0,False,566.2933333333333,863.01,25.0,77,1429.3033333333333,151,333,97,243,28,31,57,212,269,116,46,42,6,108,427,0.117,0.038,0.399,0.903,392.64,18.562380952380952,43.78287164279262,0.6,0.399,0.903,0.5950042905062797,0.3976144678717433,0.8738672097979808,0.11715566422167889,0.032035299421213116,0.038,0.03748866905765971,0.012458171997138433,0.001779738856734062,0.7698176691729324,0.5111711711711712,0.117
1642461,spencer_jones,Spencer Jones,den,F,SF,79.0,True,1027.9683333333332,388.82166666666666,25.0,64,1416.79,132,262,57,144,31,51,75,134,209,51,31,52,29,175,352,0.097,0.055,0.396,0.608,315.44,22.13734375,52.2150947340786,0.635593220338983,0.396,0.608,0.628909601958031,0.3934835089061757,0.6365336983888068,0.09827542480344915,0.052367519659317754,0.055,0.01921380527070239,0.015560634413054419,0.008678046114972656,0.8121527549342106,0.49908396946564887,0.097
1631109,mark_williams,Mark Williams,phx,C,C,85.0,True,1316.9033333333334,99.14666666666666,24.0,60,1416.05,282,438,1,1,135,175,185,292,477,58,65,55,55,132,700,0.167,0.124,1.0,0.771,580.0,23.600833333333334,55.66701056007228,0.6430205949656751,1.0,0.771,0.6409405571602416,0.41786003377736913,0.7720462464957688,0.11206896551724138,0.039520713935696276,0.124,0.026629935720844815,0.016466964139873447,0.016466964139873447,0.829483552631579,0.5421917808219179,0.167
1630598,aaron_wiggins,Aaron Wiggins,okc,G,SG,77.0,False,610.1783333333333,803.8016666666666,27.0,65,1413.98,231,536,96,270,53,72,41,158,199,109,81,60,28,83,611,0.194,0.028,0.356,0.736,648.68,21.75353846153846,51.30981767271212,0.5075187969924813,0.356,0.736,0.5090595255457536,0.35570164418411093,0.7418116536794782,0.12486896466670779,0.024886525324804988,0.028,0.04240681697411372,0.01799025927094337,0.008395454326440238,0.8076076923076924,0.48208955223880595,0.194
1642383,walter_clayton_jr,Walter Clayton Jr.,mem,G,PG,76.0,False,155.35,1255.185,23.0,69,1410.535,177,461,75,244,109,121,25,114,139,279,116,44,19,119,538,0.181,0.017,0.307,0.901,630.24,20.44253623188406,48.21757199088803,0.4700460829493088,0.307,0.901,0.4735701720291981,0.30943488335256325,0.8918210351276123,0.18405686722518405,0.03576782508844153,0.017,0.10427719739648852,0.013225078183961571,0.005710829215801588,0.7920826659038902,0.4849891540130152,0.181
1631128,christian_braun,Christian Braun,den,G,SG,78.0,True,1399.138333333333,0.0,25.0,44,1399.138333333333,202,389,43,143,79,101,61,150,211,120,43,30,12,103,526,0.142,0.046,0.301,0.782,476.44,31.79859848484848,75.00298369343845,0.6463414634146342,0.301,0.782,0.6425798009790156,0.3045520285722291,0.78223923965511,0.09025270758122744,0.031210879562833745,0.046,0.07002761251387742,0.009090547445485557,0.0036362189781942228,0.9265623504784689,0.330745501285347,0.142
1630611,gui_santos,Gui Santos,gsw,F,PF,79.0,True,903.3566666666668,492.00666666666666,24.0,68,1395.3633333333332,230,460,78,222,87,120,75,191,266,159,102,61,22,142,625,0.181,0.052,0.351,0.725,614.8,20.520049019607843,48.40040050002657,0.6386554621848739,0.351,0.725,0.6350823752041451,0.35170888091185804,0.729450427705517,0.16590761223162004,0.0431450003004934,0.052,0.06225885319173321,0.01853411984739505,0.006684436666273625,0.7930005804953562,0.5800000000000001,0.181
1630249,vit_krejci,Vít Krejčí,por,G,PG,80.0,False,206.825,1185.275,26.0,65,1392.1,192,429,128,328,38,51,31,117,148,100,41,47,18,138,550,0.142,0.02,0.39,0.745,492.44,21.416923076923077,50.51584688763811,0.6336633663366337,0.39,0.745,0.6261299914470988,0.38933864015251796,0.7512877967494626,0.08325887417756478,0.04202793883272435,0.02,0.04059285367761354,0.014313863225638001,0.005481905065137958,0.8036214574898786,0.5304895104895104,0.142
1642273,kyshawn_george,Kyshawn George,was,F,SF,80.0,True,1390.9633333333334,0.0,22.0,48,1390.9633333333334,253,577,99,260,105,131,43,202,245,214,125,48,43,169,710,0.222,0.028,0.381,0.802,759.64,28.978402777777777,68.35102094324,0.48580441640378547,0.381,0.802,0.4877688961792905,0.37998689026500393,0.8002025219979945,0.16455162971934073,0.05151105696368604,0.028,0.12203229530313356,0.014630359374301362,0.01310636360614497,0.8931652960526316,0.32890814558058923,0.222
1641767,ben_sheppard,Ben Sheppard,ind,G,SG,78.0,False,501.415,889.0616666666666,24.0,65,1390.4766666666667,168,387,84,232,39,51,43,152,195,114,41,39,6,114,459,0.131,0.028,0.362,0.765,450.44,21.39194871794872,50.45694015815441,0.5419354838709678,0.362,0.765,0.5424268427310787,0.36196884451054157,0.7676812393724133,0.09102211171299174,0.03475926499603073,0.028,0.045887862395318925,0.011891327498642091,0.001829434999791091,0.8033257085020243,0.4584496124031008,0.131
1630551,justin_champagnie,Justin Champagnie,was,G-F,SF,78.0,False,426.53833333333336,950.915,25.0,69,1377.4533333333334,232,462,53,166,80,102,145,239,384,84,45,59,43,114,597,0.161,0.098,0.319,0.784,551.88,19.963091787439613,47.0867119667989,0.6047297297297297,0.319,0.784,0.6029425785968234,0.321570797565631,0.7841835321581894,0.08153946510110893,0.035087901533843245,0.098,0.03166780072457105,0.018159527986813608,0.013234910227677714,0.7864050343249428,0.4799134199134199,0.161
1629018,gary_trent_jr,Gary Trent Jr.,mil,G,SG,77.0,False,578.44,798.9416666666667,27.0,65,1377.381666666667,183,473,123,342,40,52,8,59,67,79,41,34,3,85,529,0.167,0.006,0.36,0.769,536.88,21.19048717948718,49.981755175039964,0.4580152671755725,0.36,0.769,0.4645420500044537,0.35964903514645186,0.7714283161567292,0.0763671583966622,0.02616339308438986,0.006,0.03200292462664078,0.010465357233755945,0.000923413873566701,0.8009399797570851,0.474291754756871,0.167
1630241,sam_merrill,Sam Merrill,cle,G,SG,76.0,True,1029.5933333333332,347.48,30.0,52,1377.0733333333333,223,484,158,375,59,69,28,105,133,125,42,33,7,127,663,0.167,0.02,0.421,0.855,556.36,26.482179487179486,62.4632081564867,0.5963302752293578,0.421,0.855,0.5924405802573779,0.41973106590013265,0.8459310835660406,0.0754906894816306,0.039099940018915966,0.02,0.061553428375830214,0.01015982693404903,0.002155114804192218,0.8636047570850203,0.4698347107438016,0.167
1642954,will_richard,Will Richard,gsw,G,SG,75.0,False,512.11,864.695,23.0,69,1376.805,162,346,71,212,46,54,67,105,172,93,53,80,9,131,441,0.123,0.045,0.335,0.852,422.76,19.953695652173913,47.06454941204195,0.6791044776119403,0.335,0.852,0.6701418684071387,0.33602009176374353,0.8410711812768314,0.12536663828176745,0.040339294614640836,0.045,0.03492573815314016,0.02463468373413181,0.0027714019200898283,0.7862937643020596,0.4863583815028902,0.123
1629014,anfernee_simons,Anfernee Simons,chi,G,SG,75.0,False,157.185,1214.7483333333332,27.0,55,1371.9333333333334,285,648,146,379,69,77,31,104,135,134,68,27,8,94,785,0.227,0.021,0.385,0.896,749.88,24.944242424242425,58.83569392789687,0.516728624535316,0.385,0.896,0.5179226847692759,0.38456673617365317,0.8830868459967496,0.09068117565477143,0.029048538310526253,0.021,0.06547881532685776,0.00834372908919371,0.002472216026427766,0.8453923444976077,0.46166666666666667,0.227
1630631,jose_alvarado,Jose Alvarado,nyk,G,PG,72.0,False,92.46666666666668,1277.77,28.0,69,1370.236666666667,187,449,101,287,35,46,26,145,171,234,77,66,8,129,510,0.167,0.018,0.352,0.761,546.24,19.85850241545894,46.840018233900224,0.5308641975308642,0.352,0.761,0.5319792386664417,0.35217663424764667,0.7647956357449502,0.14096367896895137,0.039913844782370644,0.018,0.0848403385124201,0.020421036865398937,0.0024752771958059315,0.7851664759725401,0.4334521158129176,0.167
1628370,malik_monk,Malik Monk,sac,G,SG,75.0,False,89.76666666666667,1273.8766666666668,28.0,62,1363.6433333333334,277,632,124,314,94,107,15,102,117,185,91,37,24,99,772,0.234,0.01,0.395,0.879,770.08,21.99424731182796,51.87757483288167,0.4811320754716981,0.395,0.879,0.483233015398256,0.3938162357146638,0.8703295350574121,0.11816954082692707,0.030779661514483525,0.01,0.08044246004390664,0.011503509858948388,0.007461736124723279,0.8104581918505943,0.3668987341772152,0.234
1642346,ryan_dunn,Ryan Dunn,phx,F,SF,79.0,False,409.76666666666665,945.4783333333334,23.0,70,1355.245,164,362,56,169,23,47,99,198,297,102,56,60,29,130,407,0.136,0.068,0.331,0.489,438.68,19.360642857142857,45.66572269531553,0.5595854922279793,0.331,0.489,0.5591154140425023,0.33294111939414,0.5408518526617054,0.12765569435579466,0.04066820248381542,0.068,0.0376940133037694,0.018769939607914808,0.009072137477158824,0.7792707706766917,0.503756906077348,0.136
1629006,josh_okogie,Josh Okogie,hou,G,SG,76.0,True,772.4933333333333,581.3183333333334,27.0,78,1353.8116666666667,125,294,62,161,41,69,81,119,200,69,41,63,16,107,353,0.112,0.059,0.385,0.594,365.36,17.35655982905983,40.93871541078916,0.47368421052631576,0.385,0.594,0.4790239793750208,0.3836050314125793,0.6180829823002179,0.1122180862710751,0.0335084982034718,0.059,0.021387746461836218,0.019729302680548816,0.005010616553790176,0.7555382085020244,0.4319727891156463,0.112
1642920,kobe_sanders,Kobe Sanders,lac,G,SG,80.0,False,437.2383333333333,914.1783333333332,24.0,68,1351.4166666666667,179,384,80,196,57,69,29,124,153,109,81,49,10,146,495,0.155,0.022,0.408,0.826,495.36,19.873774509803923,46.87604034486424,0.526595744680851,0.408,0.826,0.5277799447001412,0.4058080600560731,0.8206146278698382,0.1635174418604651,0.04580290501786472,0.022,0.042316469240310954,0.01537220784846145,0.003137185275196214,0.7853473297213623,0.42541666666666667,0.155
1627884,derrick_jones_jr,Derrick Jones Jr.,lac,F,SF,78.0,True,1241.0416666666667,108.46666666666668,29.0,50,1349.5083333333334,189,379,55,153,71,93,61,112,173,69,40,45,50,104,504,0.144,0.047,0.359,0.763,459.92,26.990166666666667,63.661391597109315,0.5929203539823009,0.359,0.763,0.5911035129263897,0.35948748694203103,0.7653257825409439,0.08697164724299877,0.032672864161744884,0.047,0.037569222188284346,0.014137296993062692,0.015708107770069656,0.8696203947368422,0.5211081794195251,0.144
1629636,darius_garland,Darius Garland,lac,G,PG,73.0,True,1297.7933333333333,46.48333333333333,26.0,45,1344.2766666666666,309,672,122,308,105,122,18,89,107,301,130,43,8,84,845,0.266,0.013,0.396,0.861,855.68,29.872814814814813,70.46066019231155,0.5137362637362637,0.396,0.861,0.5147070295471337,0.39495742255204735,0.854761784861494,0.1519259536275243,0.026492324391680217,0.013,0.19880469102390616,0.013561547010026778,0.0025230785134933544,0.9037570175438596,0.5114285714285715,0.266
1630174,aaron_nesmith,Aaron Nesmith,ind,G-F,SF,77.0,True,1260.49,74.46,26.0,45,1334.95,212,512,105,277,92,111,48,139,187,86,63,26,23,124,621,0.19,0.034,0.379,0.829,623.84,29.665555555555557,69.97180019271305,0.4553191489361702,0.379,0.829,0.4591854246964407,0.3783848793433835,0.8250293851381588,0.10098743267504488,0.039380944151305726,0.034,0.0529485081014521,0.008257294741402812,0.007304529963548642,0.9013026315789474,0.4790625,0.19
1631200,kris_murray,Kris Murray,por,F,SF,80.0,False,398.4966666666666,934.7133333333334,25.0,57,1333.21,129,276,34,122,39,57,90,116,206,81,47,51,22,92,331,0.103,0.062,0.279,0.684,348.08,23.38964912280702,55.16889282365807,0.6168831168831169,0.279,0.684,0.6128074942111462,0.28482166948144744,0.6989336656972718,0.13502643070558493,0.02925625302792286,0.062,0.036823897278956824,0.016218140265478978,0.0069960605066772055,0.8269826869806094,0.5530434782608695,0.103
201939,stephen_curry,Stephen Curry,gsw,G,PG,74.0,True,1277.595,51.13333333333333,38.0,43,1328.7283333333332,374,799,190,484,204,221,17,137,154,203,121,49,17,75,1142,0.308,0.013,0.393,0.923,1017.24,30.90065891472868,72.88502409319132,0.5841269841269842,0.393,0.923,0.5830782432327015,0.391895668768322,0.9170067342065681,0.11894931382957807,0.023930650613238447,0.013,0.14642470730012402,0.015634691733982454,0.005424280805667381,0.8959288555691555,0.4365570599613152,0.308
1641757,jordan_miller,Jordan Miller,lac,G,SF,77.0,False,37.05,1287.73,26.0,60,1324.78,212,399,38,110,136,175,50,132,182,136,63,45,11,62,598,0.177,0.041,0.345,0.777,539.0,22.079666666666665,52.07905246973803,0.6020761245674741,0.345,0.777,0.6003358831124682,0.3466371697629255,0.7774516519011742,0.11688311688311688,0.01984163083485016,0.041,0.06129628001055315,0.014401183670455758,0.003520289341666963,0.8114697368421053,0.4499749373433584,0.177
1642962,drake_powell,Drake Powell,bkn,G-F,SG,77.0,False,607.3866666666667,712.1266666666667,20.0,63,1319.513333333333,144,358,51,182,69,77,21,90,111,91,60,36,14,89,408,0.149,0.016,0.28,0.896,451.88,20.94465608465608,49.40191623636024,0.5284090909090909,0.28,0.896,0.5295721991969246,0.2843565644351618,0.8830868459967496,0.132778613791272,0.028596024614499758,0.016,0.041075606198221995,0.011566931304741474,0.004498251062955018,0.7980288220551378,0.5551955307262569,0.149
1630579,jericho_sims,Jericho Sims,mil,C,C,82.0,False,511.48333333333335,806.3516666666667,27.0,67,1317.835,145,185,0,0,44,71,147,223,370,104,75,19,17,146,334,0.095,0.115,0.0,0.62,291.24,19.669179104477614,46.39346354649518,0.7837837837837838,0.0,0.62,0.7717970720545025,0.35964603715510607,0.6398587111323113,0.25751957148743304,0.046970075330289976,0.115,0.040183767228177646,0.0061125440498322565,0.00546911836037623,0.7829244893951297,0.5432432432432432,0.095
1629731,dean_wade,Dean Wade,cle,F-C,PF,81.0,True,867.3716666666667,450.31166666666667,29.0,59,1317.6833333333334,122,278,71,196,27,38,53,194,247,88,16,44,23,90,342,0.097,0.039,0.362,0.711,310.72,22.33361581920904,52.67803937654067,0.6219512195121951,0.362,0.711,0.614135098376391,0.3621187396677236,0.7255949083691086,0.051493305870236865,0.028957488677774947,0.039,0.036137458559108986,0.014156994464689975,0.007400247106542487,0.8144770294380019,0.47467625899280574,0.097
1630191,isaiah_stewart,Isaiah Stewart,det,F-C,C,80.0,False,349.215,967.92,25.0,58,1317.135,221,402,40,120,99,131,96,194,290,66,67,16,93,166,581,0.164,0.07,0.333,0.756,526.64,22.709224137931034,53.563982340902726,0.6418439716312057,0.333,0.756,0.638700099488452,0.3353573874734697,0.7576493305086327,0.1272216314750114,0.05343271430607761,0.07,0.028732519988532476,0.005150141137935191,0.029935195364248296,0.8189250226860254,0.4520398009950249,0.164
1642856,egor_demin,Egor Dëmin,bkn,G,PG,80.0,True,1176.165,132.04333333333332,20.0,52,1308.2083333333333,179,449,124,322,54,65,21,144,165,173,86,42,17,93,536,0.182,0.015,0.385,0.831,563.6,25.157852564102562,59.339533675561114,0.4330708661417323,0.385,0.831,0.44160897117246695,0.3843266878661177,0.8243807413562295,0.15259048970901348,0.03013946062063702,0.015,0.09782503758257824,0.013611369312545751,0.0055093637693637565,0.8479219382591094,0.4691759465478842,0.182
1642259,alex_sarr,Alex Sarr,was,C,C,84.0,True,1304.6616666666666,0.0,21.0,48,1304.6616666666666,316,656,50,150,101,146,105,250,355,130,82,39,95,105,783,0.252,0.073,0.333,0.692,802.24,27.180451388888887,64.11021395400482,0.525691699604743,0.333,0.692,0.5261636221911395,0.33497787732219414,0.697618946164854,0.10221380135620263,0.03412092808751813,0.073,0.07689422355588899,0.012673487575363879,0.030871315888706882,0.8718737664473685,0.5146341463414634,0.252
1642274,yves_missi,Yves Missi,nop,C,C,83.0,False,340.1983333333333,956.8383333333334,22.0,66,1297.0366666666666,160,294,0,1,57,102,183,202,385,84,54,20,101,113,377,0.122,0.128,0.0,0.559,392.88,19.652070707070706,46.35311016889765,0.5460750853242321,0.0,0.559,0.5462060364707194,0.32695094286827825,0.5788263893010466,0.13744654856444716,0.03693649047243487,0.128,0.0320506258433763,0.006537431942023872,0.03301403130722055,0.7827218899521531,0.4676190476190476,0.122
201587,nicolas_batum,Nicolas Batum,lac,G-F,PF,79.0,False,120.96666666666668,1173.628333333333,37.0,74,1294.595,96,238,92,228,9,11,23,161,184,64,37,47,23,100,293,0.092,0.018,0.404,0.818,279.84000000000003,17.494527027027026,41.264137032886545,0.4,0.404,0.818,0.47502145253139877,0.40166579988046663,0.8013597905579625,0.13221841052029729,0.032748809220809735,0.018,0.022054497470120525,0.015391940333780574,0.007532226120786239,0.7421720305832148,0.45932773109243696,0.092
1630533,ziaire_williams,Ziaire Williams,bkn,F,SF,81.0,False,316.74,964.5266666666666,24.0,56,1281.2666666666669,184,433,86,251,119,140,30,104,134,60,59,76,21,116,573,0.179,0.022,0.343,0.85,553.6,22.87976190476191,53.96622778423024,0.5384615384615384,0.343,0.85,0.5390647346386873,0.3432814573622646,0.845523704011448,0.10657514450867052,0.038383794022265806,0.022,0.031359951047881286,0.025148002980105184,0.0069487902971343265,0.8209445488721806,0.4840184757505774,0.179
203903,jordan_clarkson,Jordan Clarkson,nyk,G,SG,77.0,False,23.666666666666668,1255.795,34.0,72,1279.4616666666666,237,526,70,214,78,94,62,65,127,96,63,30,9,123,622,0.203,0.047,0.327,0.83,630.36,17.770300925925923,41.914601714594,0.5352564102564102,0.327,0.83,0.5357156181696521,0.3285556266587101,0.8252745730934348,0.09994288977727013,0.04075747504332169,0.047,0.03384845592218983,0.009940847571541876,0.0029822542714625627,0.760437774122807,0.46395437262357414,0.203
1631119,jaylin_williams,Jaylin Williams,okc,F,PF,81.0,False,295.72333333333336,981.6516666666666,24.0,65,1277.375,149,352,98,256,73,92,32,326,358,158,67,31,42,127,469,0.153,0.025,0.383,0.793,459.48,19.651923076923076,46.352761955388786,0.53125,0.383,0.793,0.533022915571962,0.3819415803441769,0.7924368196246786,0.14581701053364673,0.04215166629610099,0.025,0.059570007172677616,0.010288989410859298,0.013939921137293242,0.7827201417004048,0.5353409090909091,0.153
1629645,kevin_porter_jr,Kevin Porter Jr.,mil,G-F,PG,77.0,True,1203.8483333333334,57.16666666666666,26.0,38,1261.015,239,514,46,143,137,156,34,164,198,280,110,83,19,88,661,0.236,0.027,0.322,0.878,692.64,33.1846052631579,78.27214173013837,0.5202156334231806,0.322,0.878,0.5209985014452179,0.32415987170948407,0.8724611783235977,0.15881265881265882,0.029586381853053668,0.027,0.21355755636580104,0.027905337429584707,0.006387968809182042,0.9429755886426594,0.49081712062256805,0.236
1629632,coby_white,Coby White,cha,G,SG,76.0,True,760.29,489.4983333333333,26.0,50,1249.7883333333334,278,623,115,318,197,241,17,153,170,200,128,25,5,111,868,0.283,0.013,0.362,0.817,857.04,24.99576666666667,58.95722355808493,0.5344262295081967,0.362,0.817,0.5349219969861206,0.3615745743035093,0.8160500223175985,0.14935125548399142,0.03765441901810125,0.013,0.11306134267238409,0.008480725004076858,0.0016961450008153717,0.8460025000000001,0.5017335473515249,0.283
1642867,collin_murray_boyles,Collin Murray-Boyles,tor,F,PF,79.0,False,591.6483333333333,653.9516666666667,21.0,57,1245.6,198,342,17,50,71,108,133,152,285,106,59,52,53,147,484,0.15,0.102,0.34,0.657,448.52,21.852631578947367,51.54354745400086,0.6198630136986302,0.34,0.657,0.6175510895716159,0.343274339525851,0.6680386067942137,0.1315437438687238,0.05003433981183754,0.102,0.04750271889123888,0.017699222246364298,0.018039591904948228,0.8087811634349031,0.41157894736842104,0.15
1642849,nolan_traore,Nolan Traore,bkn,G,PG,75.0,True,790.3816666666667,453.01,20.0,56,1243.3916666666669,182,479,61,192,74,94,14,85,99,213,129,45,23,119,499,0.224,0.011,0.318,0.787,649.36,22.203422619047622,52.37095419247646,0.42160278745644597,0.318,0.787,0.4259273705408349,0.31978445728490623,0.7868130346318962,0.19865713933719353,0.04057592672820299,0.011,0.11121157323688968,0.01534383783839609,0.007842406006291333,0.8129352678571429,0.5352400835073069,0.224
1641737,adem_bona,Adem Bona,phi,F,C,82.0,False,385.7683333333333,848.3933333333333,23.0,71,1234.1616666666666,131,220,2,6,80,113,128,179,307,32,56,30,82,153,344,0.108,0.099,0.333,0.708,325.72,17.38255868544601,41.00003861037954,0.602803738317757,0.333,0.708,0.6004483439760178,0.3497787732219413,0.7140532975749367,0.17192680830160872,0.0525592084910683,0.099,0.01129962966152786,0.010305727155111433,0.028168987557304584,0.7558460896960713,0.5009090909090909,0.108
203083,andre_drummond,Andre Drummond,phi,C,C,83.0,True,621.0916666666667,609.6566666666666,32.0,63,1230.7483333333332,159,337,32,90,53,84,200,332,532,80,61,38,49,125,403,0.143,0.145,0.356,0.631,434.96,19.535687830687827,46.07859923459658,0.5141700404858299,0.356,0.631,0.5155658717923268,0.3559646037155106,0.6471122936352895,0.1402427809453743,0.04305962023770177,0.145,0.032387384718683965,0.013090124552261337,0.016879371133179093,0.7813436716791979,0.48789317507418395,0.143
1630311,pat_spencer,Pat Spencer,gsw,G,PG,74.0,False,413.84,815.0866666666667,29.0,66,1228.9266666666667,186,436,60,168,44,57,51,107,158,232,85,48,5,75,476,0.185,0.041,0.357,0.772,546.0799999999999,18.62010101010101,43.91901527031836,0.4701492537313433,0.357,0.772,0.47302312608139563,0.35728348523343295,0.7735605313689137,0.15565484910635807,0.025874069110370542,0.041,0.09221075081188504,0.016559404230637145,0.0017249379406913694,0.7705011961722489,0.5352293577981652,0.185
203897,zach_lavine,Zach LaVine,sac,G,SG,77.0,True,1160.045,64.21833333333333,31.0,39,1224.263333333333,262,547,99,254,125,142,8,100,108,89,74,28,10,81,748,0.234,0.006,0.39,0.88,683.48,31.391367521367517,74.04245276538576,0.5563139931740614,0.39,0.88,0.5561070265697293,0.3886229559528449,0.873872076327087,0.10826944460701117,0.028050435923619506,0.006,0.06549520766773162,0.009696446985942544,0.0034630167806937655,0.9217398785425102,0.39681901279707493,0.234
1641775,jordan_walsh,Jordan Walsh,bos,G,PF,78.0,False,566.6966666666667,645.2733333333333,22.0,68,1211.97,136,267,48,125,44,57,85,187,272,54,35,49,31,137,364,0.114,0.069,0.384,0.772,327.08,17.82308823529412,42.03911052606409,0.6197183098591549,0.384,0.772,0.6151344016488682,0.3821960027522301,0.7735605313689137,0.10700745994863642,0.047924560180782866,0.069,0.019780573225645054,0.017140901086557376,0.010844243544556707,0.761062886996904,0.539250936329588,0.114
1629637,jaxson_hayes,Jaxson Hayes,lal,C-F,C,84.0,False,247.355,959.2233333333334,26.0,66,1206.5783333333334,198,262,3,3,98,150,99,172,271,59,31,29,52,127,497,0.124,0.083,1.0,0.653,359.0,18.2814898989899,43.12033718841533,0.752895752895753,1.0,0.653,0.7453547548350483,0.5074200285808508,0.6614284725107326,0.08635097493036212,0.04462493917509044,0.083,0.022892888914125643,0.010189946740768683,0.018271628638619707,0.7664913277511962,0.47954198473282444,0.124
1628963,marvin_bagley_iii,Marvin Bagley III,dal,F,PF,82.0,False,305.28,895.6233333333333,27.0,60,1200.9033333333334,254,411,24,52,95,144,150,216,366,85,61,28,43,123,627,0.18,0.116,0.462,0.66,535.36,20.015055555555556,47.20927830111413,0.6406685236768802,0.462,0.66,0.6382125448526503,0.44510419954114616,0.6677178935176442,0.11394202032277345,0.0434236674181825,0.116,0.03765694897672509,0.009885062501700083,0.015180631699039411,0.7870203947368422,0.47751824817518246,0.18
203954,joel_embiid,Joel Embiid,phi,C-F,C,84.0,True,1200.638333333333,0.0,32.0,38,1200.638333333333,341,697,53,159,286,335,75,218,293,150,109,21,46,82,1021,0.336,0.063,0.333,0.854,953.4,31.59574561403508,74.52451699091903,0.5353159851301115,0.333,0.854,0.5355847245449415,0.33489029805651516,0.8516769727586005,0.1143276693937487,0.02895550114206107,0.063,0.12050081313556829,0.007415433219308323,0.016243329908961088,0.9241601454293629,0.3572166427546628,0.336
1630583,santi_aldama,Santi Aldama,mem,F-C,PF,84.0,False,339.8516666666667,858.2266666666667,25.0,43,1198.0783333333334,228,476,70,200,76,114,67,220,287,126,55,37,31,69,602,0.191,0.052,0.35,0.667,581.16,27.86228682170543,65.71845124388145,0.572463768115942,0.35,0.667,0.5716798218553426,0.3504593351026241,0.6760367387235259,0.09463830958772111,0.024417056890702286,0.052,0.08130695500259691,0.01309320441965195,0.010969982081330012,0.8799481334149327,0.4492436974789916,0.191
1629655,daniel_gafford,Daniel Gafford,dal,F-C,C,82.0,True,1012.1933333333334,182.245,27.0,55,1194.4383333333333,207,316,0,0,110,161,138,240,378,58,63,42,69,144,524,0.151,0.108,0.0,0.683,449.84000000000003,21.717060606060606,51.2237777800772,0.6550632911392406,0.0,0.683,0.6518418069037668,0.35964603715510607,0.6890558807117966,0.14004979548283833,0.051112626433424145,0.108,0.027685608838904217,0.014907849376415375,0.024491466832682406,0.8071757177033494,0.5345569620253164,0.151
1642874,danny_wolf,Danny Wolf,bkn,F,PF,83.0,False,389.78333333333336,797.3783333333333,22.0,57,1187.1616666666666,178,440,68,211,84,109,57,224,281,127,73,30,32,126,508,0.201,0.046,0.322,0.771,560.96,20.82739766081871,49.125340158481116,0.48034934497816595,0.322,0.771,0.4832653935172718,0.3239658840341677,0.7716685344682118,0.13013405590416427,0.04499767958162104,0.046,0.06490455029884513,0.010713733233719294,0.011427982115967248,0.7966402354570638,0.4505454545454545,0.201
202710,jimmy_butler_iii,Jimmy Butler III,gsw,F,SF,78.0,True,1181.6766666666667,0.0,36.0,38,1181.6766666666667,240,462,32,85,248,287,88,123,211,185,60,55,8,46,760,0.226,0.073,0.376,0.864,648.28,31.096754385964914,73.34755219607285,0.5517241379310345,0.376,0.864,0.551680695221261,0.3746995828584322,0.86137560808659,0.09255260072808047,0.016503977018258113,0.073,0.14061138609272752,0.01973301600009122,0.002870256872740541,0.9082510387811635,0.42519480519480524,0.226
1631243,mouhamed_gueye,Mouhamed Gueye,atl,F,PF,83.0,False,222.58,956.2566666666668,23.0,77,1178.8366666666666,131,290,40,130,40,62,89,186,275,69,33,61,39,127,342,0.12,0.071,0.308,0.645,350.28,15.309567099567099,36.11049751357947,0.56875,0.308,0.645,0.5676495826507528,0.31140328836822184,0.6642854944682947,0.09421034600890717,0.04567510178253306,0.071,0.02138863582237377,0.021938434714445017,0.014026212358415665,0.7312975051264525,0.48193103448275865,0.12
1641713,gg_jackson,GG Jackson,mem,F,PF,81.0,True,724.4666666666667,453.29833333333335,21.0,55,1177.765,255,514,64,193,112,151,49,186,235,81,85,31,44,75,686,0.23,0.04,0.332,0.742,665.44,21.413909090909094,50.50873783394926,0.5950155763239875,0.332,0.742,0.5936568853493293,0.3329874895150299,0.7442767428678088,0.1277350324597259,0.02699802889787914,0.04,0.04012323305545488,0.011159185277790045,0.015838843620089096,0.8035857655502393,0.46124513618677043,0.23
1630538,bones_hyland,Bones Hyland,min,G,PG,74.0,False,74.47166666666666,1102.4466666666667,25.0,71,1176.9183333333333,212,468,116,299,64,82,23,104,127,188,70,44,17,120,604,0.197,0.018,0.388,0.78,574.0799999999999,16.57631455399061,39.0983599727725,0.5680473372781065,0.388,0.78,0.5670415030761339,0.38704356107298077,0.7807451695838827,0.12193422519509478,0.04322792174012953,0.018,0.06680504938009454,0.015850237971380826,0.006123955579851683,0.7462984618235731,0.4675213675213675,0.197
1629631,deandre_hunter,De'Andre Hunter,sac,F-G,SF,79.0,True,709.3416666666667,466.145,28.0,45,1175.486666666667,208,501,75,246,124,143,30,155,185,90,75,30,6,112,615,0.218,0.023,0.305,0.867,638.92,26.121925925925932,61.613482279634674,0.5215686274509804,0.305,0.867,0.5226431284929358,0.30701742332637133,0.8616245464164525,0.11738558818005385,0.04039519918048116,0.023,0.05414367883554407,0.010820142637628882,0.0021640285275257762,0.8593385964912282,0.5210778443113773,0.218
1629011,mitchell_robinson,Mitchell Robinson,nyk,C-F,C,84.0,False,321.8666666666667,852.635,28.0,60,1174.5016666666668,149,206,0,0,42,103,252,273,525,52,41,56,70,127,340,0.102,0.201,0.0,0.408,292.32,19.57502777777778,46.17138990936466,0.7233009708737864,0.0,0.408,0.7152797641232778,0.35964603715510607,0.44096066904174525,0.14025725232621786,0.04584368525231154,0.201,0.02155909031155515,0.020214538378972018,0.025268172973715024,0.7818095394736843,0.4532038834951456,0.102
1631323,simone_fontecchio,Simone Fontecchio,mia,F,SF,79.0,False,226.40166666666667,946.0683333333334,30.0,70,1172.47,194,471,123,328,86,102,56,155,211,101,49,37,9,104,597,0.184,0.042,0.375,0.843,564.88,16.74957142857143,39.507018943863734,0.4965034965034965,0.375,0.843,0.5000028042524705,0.3745457407442339,0.837754960729618,0.08674408723976774,0.037606337441591454,0.042,0.03526776589221231,0.013379177743643115,0.003254394586291568,0.7483501879699248,0.5470488322717622,0.184
1629013,landry_shamet,Landry Shamet,nyk,G,SG,77.0,False,318.67833333333334,852.3766666666667,29.0,51,1171.055,159,364,103,263,54,76,23,69,92,72,30,31,9,77,475,0.151,0.019,0.392,0.711,427.44,22.961862745098042,54.15987807960042,0.5544554455445545,0.392,0.711,0.5540579193750268,0.39046322480421636,0.7189366930432234,0.07018528916339135,0.02787679690396686,0.019,0.03568190883707438,0.011223126026272371,0.0032583269108532693,0.8219167956656348,0.448021978021978,0.151
1642948,ryan_nembhard,Ryan Nembhard,dal,G,PG,71.0,True,695.17,475.71,23.0,60,1170.88,162,390,48,135,25,31,13,120,133,316,85,25,2,86,397,0.173,0.011,0.356,0.806,488.64,19.514666666666667,46.02901685998194,0.4470588235294118,0.356,0.806,0.45094501528538855,0.3558376577348349,0.8006964780906637,0.17395219384413885,0.031139777277743398,0.011,0.1345127598164414,0.009052260836553314,0.0007241808669242651,0.7810947368421053,0.40707692307692306,0.173
1630549,dayron_sharpe,Day'Ron Sharpe,bkn,C,C,82.0,False,197.22833333333327,962.6866666666666,24.0,62,1159.915,214,356,9,39,103,152,171,242,413,145,106,67,26,147,540,0.19,0.143,0.231,0.678,528.88,18.708306451612902,44.12706441734417,0.6466876971608833,0.231,0.678,0.6437321989315841,0.2570706198275727,0.6841268864303531,0.2004235365300257,0.053730466171766765,0.143,0.06878637462829904,0.024489396146315463,0.009503347758271673,0.771545734295416,0.5078651685393258,0.19
1642272,jared_mccain,Jared McCain,okc,G,SG,75.0,False,89.42666666666666,1070.24,22.0,67,1159.6666666666667,204,480,99,257,51,59,23,114,137,90,56,35,5,81,558,0.198,0.019,0.385,0.864,561.96,17.308457711442788,40.82525750650542,0.47085201793721976,0.385,0.864,0.47425076845763076,0.38425640588595905,0.8525877623437277,0.0996512207274539,0.029612923413598856,0.019,0.03353783231083845,0.012795707647851358,0.0018279582354073368,0.7549685781618225,0.5579999999999999,0.198
1642366,quinten_post,Quinten Post,gsw,C,PF,84.0,True,712.555,446.6433333333333,26.0,67,1159.1983333333333,193,439,93,277,34,43,68,201,269,94,56,26,35,125,513,0.183,0.057,0.336,0.791,513.9200000000001,17.301467661691543,40.808770157613026,0.6172839506172839,0.336,0.791,0.613374587503651,0.33657303265348804,0.7892180302210795,0.10896637608966375,0.04571741894169768,0.057,0.036863979186295096,0.009509223139873117,0.01280087730367535,0.7548858012568735,0.5144874715261959,0.183
1629004,svi_mykhailiuk,Svi Mykhailiuk,uta,G-F,SF,79.0,True,981.225,174.38666666666666,29.0,50,1155.611666666667,173,362,98,240,25,28,36,88,124,93,42,26,3,63,469,0.143,0.029,0.408,0.893,416.32,23.11223333333334,54.51455543378503,0.6147540983606558,0.408,0.893,0.6098517352320301,0.40638584148620427,0.8639093579399266,0.10088393543428133,0.023113093190871434,0.029,0.04758398642240304,0.009538736872423131,0.001100623485279592,0.8236975000000002,0.46707182320441987,0.143
1627747,caris_levert,Caris LeVert,det,G,SG,79.0,False,0.0,1154.415,31.0,60,1154.415,163,391,60,180,57,84,23,94,117,159,82,51,41,91,443,0.178,0.018,0.333,0.679,509.96,19.24025,45.381753466124664,0.4881516587677725,0.333,0.679,0.49095216764990035,0.3347182124818477,0.6896654851246512,0.16079692524903916,0.03342018654697392,0.018,0.06511381683430387,0.018729994658194176,0.01505744668599924,0.7778450657894738,0.44987212276214833,0.178
1627751,jakob_poeltl,Jakob Poeltl,tor,C,C,84.0,True,1104.868333333333,44.19166666666667,30.0,46,1149.06,217,310,0,0,59,98,114,209,323,93,57,40,32,145,493,0.15,0.102,0.0,0.602,410.12,24.979565217391304,58.919009388476496,0.7,0.0,0.602,0.6953138407832125,0.35964603715510607,0.6187829222381224,0.13898371208426802,0.053500117292535246,0.102,0.05333762309758281,0.01475865304621662,0.011806922436973297,0.8458106407322655,0.5,0.15
1641854,craig_porter_jr,Craig Porter Jr.,cle,G,PG,73.0,False,64.95,1082.7116666666666,26.0,64,1147.6616666666666,116,258,33,93,24,40,85,135,220,205,59,57,38,70,289,0.119,0.07,0.355,0.6,334.6,17.932213541666666,42.29650311455511,0.503030303030303,0.355,0.6,0.5057167374321598,0.35530544050049573,0.6365711120343442,0.1763299462044232,0.025859111734076613,0.07,0.07712990492970671,0.02105670526917667,0.014037803512784447,0.7623551603618421,0.42806201550387596,0.119
1627780,gary_payton_ii,Gary Payton II,gsw,G,SG,74.0,False,20.828333333333333,1121.4516666666666,33.0,73,1142.28,242,415,37,127,26,40,101,164,265,123,62,67,21,132,547,0.177,0.084,0.291,0.65,494.6,15.647671232876712,36.907979792849986,0.7118055555555556,0.291,0.65,0.7063772786933825,0.2963245282594968,0.6765711120343443,0.1253538212697129,0.04899263487817585,0.084,0.04478347549252499,0.024867473763922593,0.007794282821527976,0.7353013698630138,0.5501204819277108,0.177
1630696,dru_smith,Dru Smith,mia,G,SG,74.0,False,19.133333333333333,1122.175,28.0,70,1141.3083333333334,135,325,38,129,87,105,62,111,173,180,55,100,21,109,395,0.142,0.047,0.295,0.829,426.2,16.304404761904763,38.45700951477611,0.49489795918367346,0.295,0.829,0.4975748983040193,0.2992551105866983,0.8245961356671062,0.1290473955889254,0.040490482145902826,0.047,0.06158467893353362,0.03714723132651635,0.007800918578568434,0.7430784774436091,0.5067692307692307,0.142
1628392,isaiah_hartenstein,Isaiah Hartenstein,okc,C-F,C,84.0,True,1119.0916666666667,18.33333333333333,28.0,47,1137.425,184,296,0,7,64,105,149,294,443,166,82,48,36,118,432,0.153,0.13,0.0,0.61,424.2,24.200531914893617,57.08151261604107,0.6366782006920415,0.0,0.61,0.6337806991659799,0.21155649244418004,0.6245961356671061,0.1933050447901933,0.043983387664586863,0.13,0.09013972584597048,0.01789154752457771,0.013418660643433281,0.8365852463605823,0.5108108108108108,0.153
202331,paul_george,Paul George,phi,F,PF,80.0,True,1135.0316666666668,0.0,36.0,37,1135.0316666666668,225,513,100,255,91,111,20,176,196,133,64,62,16,84,641,0.229,0.017,0.392,0.82,625.84,30.676531531531534,72.35637744622673,0.4844961240310077,0.392,0.82,0.4869418994426417,0.3909300391379285,0.8167649223282414,0.10226255912054198,0.031376229026356006,0.017,0.10082837173181465,0.023158645233738957,0.005976424576448764,0.9032747155049787,0.4417543859649123,0.229
1629020,jarred_vanderbilt,Jarred Vanderbilt,lal,F,PF,80.0,False,73.31666666666666,1054.425,27.0,65,1127.7416666666666,113,240,29,99,33,56,80,212,292,84,56,55,19,104,288,0.119,0.073,0.293,0.589,320.64,17.34987179487179,40.92294042248628,0.5957446808510638,0.293,0.589,0.5927180731829667,0.2990500951518446,0.6186144788138972,0.17465069860279442,0.03909787477345676,0.073,0.03205897958613756,0.02067676069750117,0.007142880968227677,0.7554590080971659,0.5423333333333333,0.119
1629001,deanthony_melton,De'Anthony Melton,gsw,G,PG,74.0,True,586.8766666666667,538.38,28.0,49,1125.256666666667,215,528,72,245,100,121,39,119,158,125,91,77,20,91,602,0.244,0.033,0.294,0.826,672.24,22.96442176870749,54.16591401876742,0.5053003533568905,0.294,0.826,0.5068274029031672,0.2964567073394159,0.8231187450512765,0.135368320837796,0.03428619069364165,0.033,0.06979293627394238,0.02901139212538909,0.007535426526075088,0.8219470998925886,0.4839393939393939,0.244
1641707,taylor_hendricks,Taylor Hendricks,mem,F,PF,81.0,False,387.57166666666666,730.8933333333333,22.0,59,1118.465,163,355,63,184,49,72,65,156,221,55,50,50,30,99,438,0.157,0.054,0.342,0.681,436.68,18.957033898305085,44.713734947407104,0.5847953216374269,0.342,0.681,0.582875298622254,0.3432807235646962,0.6930311658746001,0.11450032060089768,0.03752686067644677,0.054,0.024163648443025224,0.01895295993759938,0.011371775962559626,0.7744911909009813,0.46980281690140846,0.157
1630568,luka_garza,Luka Garza,bos,C,C,82.0,False,136.86833333333334,981.04,27.0,69,1117.9083333333333,206,357,55,127,90,117,156,125,281,66,46,27,28,161,557,0.168,0.129,0.433,0.769,454.48,16.20157004830918,38.214454474163105,0.6565217391304348,0.433,0.769,0.6520851210442833,0.4277113895733654,0.7703035874150962,0.10121457489878542,0.061058920386025825,0.129,0.024425468922065964,0.010239694723122344,0.010618942675830578,0.7418606979405035,0.504593837535014,0.168
1629723,john_konchar,John Konchar,uta,G,SG,77.0,False,239.2783333333333,875.3983333333333,30.0,56,1114.6766666666667,94,199,28,99,32,44,74,166,240,118,35,83,38,79,248,0.09,0.059,0.283,0.727,253.36,19.90494047619048,46.94955114659957,0.66,0.283,0.727,0.6500039004602542,0.2898757832252391,0.7375658444762446,0.1381433533312283,0.03004744989593921,0.059,0.05155693855367762,0.03156883976408803,0.014453203747413797,0.7857164003759399,0.48331658291457286,0.09
1631172,ousmane_dieng,Ousmane Dieng,mil,F,C,81.0,True,611.9583333333334,487.5133333333333,23.0,57,1099.4716666666666,168,398,63,185,32,45,29,151,180,136,75,25,17,78,431,0.192,0.026,0.341,0.711,492.8,19.288976608187134,45.496684349038816,0.49295774647887325,0.341,0.711,0.49551761906111197,0.34152030959769775,0.7241555563948584,0.15219155844155843,0.030077379752190422,0.026,0.06304518652940544,0.00964018581800975,0.0065553263562466305,0.7784220914127424,0.5186934673366834,0.192
1630188,jalen_smith,Jalen Smith,chi,F-C,C,80.0,False,516.965,578.4233333333333,26.0,53,1095.388333333333,195,404,82,220,69,93,98,257,355,65,53,24,42,111,541,0.183,0.085,0.373,0.742,497.92,20.667704402515717,48.748673531045995,0.6141304347826086,0.373,0.742,0.6108269538692164,0.37215852335456984,0.7459083068127885,0.10644280205655526,0.04296198175131293,0.085,0.03168130862230887,0.00928907713541901,0.01625588498698327,0.7947491310824231,0.40762376237623765,0.183
203484,kentavious_caldwell_pope,Kentavious Caldwell-Pope,mem,G,SG,77.0,False,334.9816666666667,752.5766666666667,33.0,51,1087.5583333333334,150,366,55,174,73,80,20,105,125,139,61,43,8,57,428,0.173,0.017,0.316,0.913,462.2,21.32467320261438,50.298258184104725,0.4947916666666667,0.316,0.913,0.4975268764882573,0.31845902375842966,0.8980950622413023,0.13197749891821722,0.02222039289576689,0.017,0.07097577682296531,0.016762752535403092,0.0031186516344935983,0.802529024767802,0.4580327868852459,0.173
1642864,hugo_gonzalez,Hugo González,bos,G,SF,78.0,False,66.44833333333334,1017.4816666666668,20.0,74,1083.93,117,246,42,116,13,26,62,184,246,40,38,42,21,124,289,0.114,0.055,0.362,0.5,295.44,14.647702702702704,34.54936567347836,0.5769230769230769,0.362,0.5,0.5750030646473426,0.3618766696154846,0.5785709889365892,0.12862171676144057,0.04850091001705421,0.055,0.013325208206378225,0.016427727586421588,0.008213863793210794,0.7234596372688479,0.5229268292682927,0.114
203994,jusuf_nurkic,Jusuf Nurkić,uta,C,C,83.0,True,996.7,86.36833333333334,31.0,41,1083.0683333333334,180,358,25,71,62,113,106,319,425,196,101,52,22,134,447,0.186,0.089,0.352,0.549,508.72,26.41630081300813,62.307820895410586,0.5400696864111498,0.352,0.549,0.5404054850189495,0.3530427206364328,0.5677118341603026,0.19853750589715363,0.05245397184428836,0.089,0.12527964205816555,0.0203552726559925,0.008611846123689135,0.8628246148908858,0.4387709497206704,0.186
1630540,miles_mcbride,Miles McBride,nyk,G,SG,74.0,False,509.28833333333336,570.7466666666667,25.0,41,1080.035,171,404,112,271,37,47,24,76,100,106,33,35,9,70,491,0.174,0.02,0.413,0.787,457.68,26.342317073170733,62.13331631039726,0.44360902255639095,0.413,0.787,0.4510519514029928,0.41137530381334897,0.7864658877494248,0.07210277923439957,0.027478286602980385,0.02,0.06713109563014567,0.013739143301490193,0.003532922563240335,0.8619484916559692,0.542970297029703,0.174
1630557,corey_kispert,Corey Kispert,atl,F,SF,78.0,False,227.06333333333333,852.5433333333333,27.0,58,1079.6066666666666,184,394,87,237,77,97,27,105,132,92,45,16,9,60,532,0.179,0.022,0.367,0.794,481.68,18.61390804597701,43.90440799800641,0.6178343949044586,0.367,0.794,0.6137750242552573,0.36678728895364804,0.7927902392683852,0.09342301943198804,0.023562161655104493,0.022,0.03923812297801958,0.006283243108027864,0.003534324248265674,0.7704278584392015,0.5,0.179
1641712,rayan_rupert,Rayan Rupert,mem,G-F,SG,79.0,False,263.1033333333333,809.4416666666667,22.0,64,1072.545,123,313,44,136,42,54,48,140,188,68,55,55,9,124,332,0.148,0.04,0.324,0.778,391.76,16.758515625,39.52811551575204,0.4463276836158192,0.324,0.778,0.45187395214239556,0.3260031532298018,0.7785711812768314,0.1403920767817031,0.049015744229645906,0.04,0.02695360460956911,0.02174085429540746,0.0035575943392484933,0.7484561060855264,0.5,0.148
1641711,gradey_dick,Gradey Dick,tor,G-F,SG,79.0,False,23.3,1043.388333333333,22.0,76,1066.6883333333333,161,384,56,186,77,88,42,105,147,51,42,45,7,101,455,0.176,0.038,0.301,0.875,464.72,14.035372807017543,33.10507028407741,0.5303030303030303,0.301,0.875,0.5312520627434038,0.3040635733242401,0.8655975061399716,0.09037700120502667,0.040143318138799976,0.038,0.016567756657607617,0.01788563679451484,0.0027822101680356416,0.7162083621883657,0.5,0.176
203507,giannis_antetokounmpo,Giannis Antetokounmpo,mil,F,PF,83.0,True,1039.23,0.0,31.0,36,1039.23,373,598,15,45,232,357,98,254,352,196,115,34,24,86,993,0.358,0.098,0.333,0.65,870.08,28.8675,68.08943585365854,0.6473779385171791,0.333,0.65,0.6456490746902807,0.3381174613009284,0.6534838027294747,0.1321717543214417,0.035084574559014065,0.098,0.17890776320769422,0.013870645755889283,0.00979104406298067,0.8918519736842105,0.20695652173913037,0.358
1629639,tyler_herro,Tyler Herro,mia,G,SG,77.0,True,899.7233333333334,132.93,26.0,33,1032.6533333333334,247,515,84,222,99,108,14,144,158,136,64,23,12,62,677,0.248,0.013,0.378,0.917,626.52,31.292525252525255,73.809314657688,0.5563139931740614,0.378,0.917,0.5561070265697293,0.3775709498773753,0.905326742387434,0.10215156738811211,0.02545461758453252,0.013,0.1138516824567135,0.009442842007165289,0.004926700177651455,0.9205693779904307,0.5130485436893204,0.248
1642364,jamir_watkins,Jamir Watkins,was,F,SG,78.0,False,218.24,813.9366666666666,24.0,50,1032.1766666666667,132,296,47,158,57,82,49,145,194,67,40,54,25,129,368,0.148,0.046,0.297,0.695,372.08,20.643533333333334,48.69166151183379,0.6159420289855072,0.297,0.695,0.611489385477216,0.30116940697351824,0.7046582130621436,0.10750376263169212,0.05298648515768904,0.046,0.034214328417696296,0.022180389135776808,0.010268698673970744,0.7944628947368422,0.5308108108108108,0.148
1627936,alex_caruso,Alex Caruso,okc,G,SG,77.0,False,0.0,1020.3466666666668,32.0,56,1020.3466666666668,127,300,53,181,41,51,28,127,155,110,48,72,17,68,348,0.152,0.028,0.293,0.804,370.44,18.220476190476194,42.976424865143905,0.6218487394957983,0.293,0.804,0.6162823957413021,0.29631654644791133,0.800468124618315,0.12957563977972142,0.028254693546427647,0.028,0.0481092324923996,0.02991673434327634,0.007063673386606912,0.7657687969924813,0.38439999999999996,0.152
1630532,franz_wagner,Franz Wagner,orl,F,SF,82.0,True,981.7466666666668,37.25666666666667,24.0,34,1019.0033333333332,244,507,48,139,163,198,43,134,177,113,58,32,11,72,699,0.256,0.041,0.345,0.823,652.12,29.970686274509802,70.6915084637866,0.532608695652174,0.345,0.823,0.5330699181233545,0.3462849689365843,0.8212911327005636,0.08894068576335644,0.029956173023360285,0.041,0.09822545423707253,0.013313854677049014,0.0045766375452355994,0.9049160216718266,0.4054832347140039,0.256
1631126,caleb_love,Caleb Love,por,G,SG,75.0,False,33.916666666666664,978.6916666666668,24.0,49,1012.6083333333332,190,490,93,292,36,49,25,89,114,123,62,27,4,48,509,0.228,0.023,0.318,0.735,573.56,20.665476190476188,48.74341787327397,0.4898989898989899,0.318,0.735,0.49279052428186526,0.3198558290448711,0.7428568746053765,0.10809679893995398,0.020096904966358634,0.023,0.06788719122299253,0.011304509043576732,0.001674742080529886,0.7947227443609023,0.5228571428571429,0.228
1629057,robert_williams_iii,Robert Williams III,por,C-F,C,81.0,False,30.266666666666666,977.9466666666668,28.0,59,1008.2133333333334,177,250,9,23,34,57,141,274,415,60,49,35,87,74,397,0.129,0.133,0.391,0.596,324.08,17.088361581920903,40.306119330608,0.7400881057268722,0.391,0.596,0.7320693208887257,0.3817109203500321,0.62430680002563,0.15119723525055542,0.031117788290353717,0.133,0.02686528044731784,0.014717872840032164,0.03658442677379424,0.7523621766280107,0.46176,0.129
1627824,guerschon_yabusele,Guerschon Yabusele,chi,F,C,79.0,False,487.9483333333333,519.1083333333333,30.0,67,1007.0566666666666,125,312,69,196,54,72,56,178,234,63,41,26,16,81,373,0.155,0.052,0.352,0.75,384.68,15.030696517412935,35.45272872116383,0.4827586206896552,0.352,0.75,0.48809864325895214,0.3524100018036459,0.7540067756306977,0.10658209420817302,0.034100484433484526,0.052,0.02320316921335597,0.010945834509513553,0.006735898159700647,0.7279950903377848,0.5319230769230769,0.155
203932,aaron_gordon,Aaron Gordon,den,F,PF,80.0,True,935.8383333333334,69.12,30.0,36,1004.9583333333334,198,398,61,157,125,163,51,158,209,96,38,21,10,62,582,0.213,0.052,0.389,0.767,507.72,27.91550925925926,65.84398638713239,0.5684647302904564,0.389,0.767,0.5677307930303904,0.38680515192545545,0.7677951190850707,0.07484440242653431,0.02615610501005129,0.052,0.07010794057924548,0.008859325890501243,0.004218726614524401,0.8805783991228071,0.6029145728643216,0.213
1641772,naeqwan_tomlin,Nae'Qwan Tomlin,cle,F,PF,80.0,False,74.435,929.2033333333334,25.0,64,1003.6383333333332,150,314,27,115,47,61,86,100,186,53,29,41,34,125,374,0.151,0.081,0.235,0.77,369.84,15.681848958333331,36.9885943956075,0.6180904522613065,0.235,0.77,0.6148345887589856,0.24477168297240848,0.7722331774889748,0.07841228639411638,0.05280343932809567,0.081,0.020199297254085407,0.01731952809961538,0.014362535497242021,0.7357061060855263,0.5,0.151
201144,mike_conley,Mike Conley,min,G,PG,73.0,False,360.6666666666667,630.6316666666667,38.0,54,991.2983333333332,72,215,56,166,45,50,18,75,93,157,34,35,14,84,245,0.113,0.017,0.337,0.9,271.0,18.357376543209874,43.299330131821065,0.32653061224489793,0.337,0.9,0.3644140517055589,0.3386162521110856,0.8804759266952868,0.12546125461254612,0.035925626350795756,0.017,0.07041668034087055,0.014969010979498232,0.005987604391799292,0.7473899853801169,0.5532093023255814,0.113
1641765,olivier_maxence_prosper,Olivier-Maxence Prosper,mem,F,PF,79.0,True,583.9566666666667,399.635,23.0,53,983.5916666666668,192,350,60,148,86,114,59,128,187,51,47,40,13,83,530,0.183,0.057,0.405,0.754,447.16,18.558333333333337,43.77332457091239,0.6534653465346535,0.405,0.754,0.6485869294840942,0.4025092428579181,0.7566819000138485,0.10510779139457911,0.03577607484010244,0.057,0.025511511291680392,0.017241481850651778,0.005603481601461827,0.7697697368421054,0.5,0.183
1626145,tyus_jones,Tyus Jones,den,G,PG,72.0,False,268.74333333333334,709.835,30.0,67,978.5783333333334,76,218,40,137,7,9,12,64,76,159,25,37,3,31,199,0.103,0.011,0.292,0.778,246.96,14.605646766169155,34.45016882605941,0.4444444444444444,0.292,0.778,0.4560486708860217,0.29657456035068747,0.7804502948272218,0.10123096857790735,0.013430603765697238,0.011,0.05596717004781977,0.0160300754622838,0.0012997358482932809,0.7229616064414769,0.47211009174311924,0.103
1642348,justin_edwards,Justin Edwards,phi,F,SF,79.0,False,316.175,660.8433333333334,22.0,64,977.0183333333332,143,320,67,180,33,39,26,68,94,80,36,54,11,91,386,0.154,0.025,0.372,0.846,373.16,15.265911458333331,36.00752746132566,0.5428571428571428,0.372,0.846,0.5433361936708532,0.3715603177450056,0.8332358286064737,0.09647336263265087,0.039488270932437196,0.025,0.031647706988547,0.02343260033353416,0.004773307475349551,0.7307805304276316,0.5433749999999999,0.154
1630534,ochai_agbaji,Ochai Agbaji,bkn,G,SG,77.0,False,289.755,683.4483333333334,26.0,62,973.2033333333334,122,280,34,128,36,43,46,95,141,47,31,24,17,93,314,0.142,0.046,0.266,0.837,329.92,15.696827956989248,37.023925185185185,0.5789473684210527,0.266,0.837,0.577163142287827,0.27243811863442796,0.8269538792776833,0.09396217264791464,0.04051434288766909,0.046,0.021363873213671992,0.010455314293592024,0.007405847624627683,0.7358834889643464,0.43028571428571427,0.142
1629048,goga_bitadze,Goga Bitadze,orl,C-F,C,83.0,False,72.51666666666667,899.49,26.0,64,972.0066666666668,152,225,2,11,69,97,137,183,320,84,43,37,61,136,375,0.128,0.131,0.182,0.711,310.68,15.187604166666668,35.82282496499549,0.7009345794392523,0.182,0.711,0.6941983439760178,0.2664981129310029,0.7180238841281983,0.13840607699240376,0.0593197214925528,0.131,0.03396985717667482,0.016138453641356278,0.02660663978710089,0.7298532072368422,0.48595555555555553,0.128
1642265,rob_dillingham,Rob Dillingham,chi,G,PG,74.0,False,0.0,969.9533333333334,21.0,65,969.9533333333334,163,412,42,133,41,55,19,112,131,143,100,47,6,114,409,0.218,0.018,0.316,0.745,536.2,14.922358974358975,35.19719422083247,0.4336917562724014,0.316,0.745,0.43771774758002757,0.3188563662346228,0.7512085477187264,0.18649757553151808,0.04982914668829169,0.018,0.055161967126741755,0.020543595564471134,0.002622586667804826,0.7267121457489879,0.4841747572815534,0.218
201143,al_horford,Al Horford,gsw,C-F,C,80.0,False,307.81,661.375,40.0,45,969.185,138,324,74,205,22,26,44,175,219,116,42,30,51,51,372,0.163,0.043,0.361,0.846,377.44,21.537444444444443,50.80011923276122,0.5378151260504201,0.361,0.846,0.5387630158963409,0.36091376917000495,0.8285709889365892,0.11127596439169139,0.022309658923053113,0.043,0.06806488776306092,0.013123328778266536,0.022309658923053113,0.7750486842105263,0.3874074074074074,0.163
204456,tj_mcconnell,T.J. McConnell,ind,G,PG,73.0,False,82.77333333333333,879.7316666666667,34.0,56,962.505,242,450,16,50,25,29,22,102,124,287,64,56,10,62,525,0.227,0.022,0.32,0.862,526.76,17.187589285714285,40.54016655923345,0.565,0.32,0.862,0.5646351928064097,0.32660767285918435,0.841757835941467,0.12149745614701192,0.027309775738715947,0.022,0.14047465558818614,0.024666894215614403,0.004404802538502572,0.7535372415413535,0.4264,0.227
1641738,kobe_brown,Kobe Brown,ind,F,PF,79.0,False,279.8566666666667,682.52,26.0,61,962.3766666666668,127,271,52,139,47,59,68,117,185,80,53,23,12,69,353,0.154,0.072,0.374,0.797,349.96,15.776666666666669,37.212239819331536,0.5681818181818182,0.374,0.797,0.5669044299339998,0.3731306065204769,0.7946167478509741,0.15144587952908906,0.030397190453340626,0.072,0.03386820312661338,0.010132396817780208,0.005286467904928805,0.7368289473684211,0.48125461254612545,0.154
1630264,anthony_gill,Anthony Gill,was,F,PF,79.0,False,228.88333333333333,722.0633333333334,33.0,55,950.9466666666668,135,215,17,48,34,46,58,100,158,69,36,31,21,88,321,0.116,0.059,0.354,0.739,271.24,17.289939393939395,40.78157856680628,0.7065868263473054,0.354,0.739,0.6977425370091975,0.3551113857163976,0.7469384928878073,0.1327237870520572,0.0392334003790207,0.059,0.03188144475122556,0.013820856951700473,0.009362515999539031,0.7547492822966508,0.5297674418604651,0.116
1642857,kasparas_jakucionis,Kasparas Jakučionis,mia,G,PG,77.0,False,291.64,652.9883333333333,20.0,53,944.6283333333332,102,238,66,156,58,66,43,95,138,137,50,33,7,99,328,0.129,0.04,0.423,0.879,317.04,17.823176100628928,42.0393177730054,0.43902439024390244,0.423,0.879,0.45109162011552145,0.4192557853707895,0.8661652052857528,0.15770880645975272,0.044432798324366064,0.04,0.06190145579175897,0.014810932774788687,0.003141713012833964,0.7610639275074479,0.4714285714285714,0.129
1631114,jalen_williams,Jalen Williams,okc,G-F,SG,77.0,True,935.9633333333334,0.0,25.0,33,935.9633333333334,216,446,23,77,108,129,27,126,153,181,63,39,9,65,563,0.252,0.029,0.299,0.837,565.76,28.362525252525252,66.89835780131943,0.5230352303523035,0.299,0.837,0.5237478339066701,0.30570644105231104,0.8332989611634332,0.11135463800904978,0.029443128866432675,0.029,0.15005560610656152,0.017665877319859604,0.004076740919967601,0.885872009569378,0.37443946188340804,0.252
1629673,jordan_poole,Jordan Poole,nop,G,PG,76.0,False,262.9816666666667,670.255,27.0,39,933.2366666666668,165,444,96,288,98,114,9,68,77,119,69,22,15,89,524,0.235,0.009,0.333,0.86,563.1600000000001,23.9291452991453,56.44139616797536,0.4423076923076923,0.333,0.86,0.44879776536522875,0.33421630997164786,0.8534560935622356,0.12252290645642444,0.04043222593678696,0.009,0.08050158808728293,0.00999448281583498,0.006814420101705669,0.8333714574898785,0.47702702702702704,0.235
203991,clint_capela,Clint Capela,hou,C,C,82.0,False,79.21166666666667,846.45,32.0,75,925.6616666666666,118,227,1,2,45,78,160,185,345,50,41,36,63,74,282,0.133,0.158,0.5,0.577,302.32,12.342155555555555,29.11129848431196,0.52,0.5,0.577,0.521278421492034,0.3830383642959217,0.6003244954740592,0.1356178883302461,0.03389291161980906,0.158,0.016106918510777883,0.01648844349071792,0.02885477610875636,0.6961571052631579,0.5,0.133
1642879,ben_saraf,Ben Saraf,bkn,G,SG,78.0,False,284.2333333333333,632.085,20.0,44,916.3183333333334,120,303,19,90,73,88,20,72,92,145,99,38,8,81,332,0.202,0.021,0.211,0.83,440.72,20.82541666666667,49.12066761065945,0.47417840375586856,0.211,0.83,0.47758039933017027,0.2259646037155106,0.8247811796093593,0.22463241967689235,0.037477281569145524,0.021,0.09490437725487691,0.01758193456330284,0.0037014599080637555,0.7966167763157896,0.5332673267326733,0.202
1642877,micah_peavy,Micah Peavy,nop,G-F,SG,79.0,False,140.31666666666666,772.6183333333333,24.0,61,912.935,106,275,28,108,22,29,46,71,117,61,20,43,9,96,262,0.135,0.046,0.259,0.759,307.76,14.966147540983606,35.300477802656715,0.46706586826347307,0.259,0.759,0.4717538364442258,0.2677666133182293,0.76483475901839,0.06498570314530804,0.044582130038048284,0.046,0.02475465572618441,0.01996907907954246,0.004179574691067027,0.7272306945642796,0.5,0.135
1631255,karlo_matkovic,Karlo Matković,nop,F-C,PF,82.0,False,37.766666666666666,873.99,25.0,62,911.7566666666668,142,235,38,90,30,41,72,157,229,50,34,25,54,105,352,0.128,0.074,0.422,0.732,287.03999999999996,14.705752688172044,34.68628749774165,0.7172413793103448,0.422,0.732,0.7064543809717934,0.4159646037155106,0.7417363843473963,0.11845039018952064,0.048824723234132145,0.074,0.02024031673627361,0.011624934103364796,0.02510985766326796,0.7241470713073006,0.5,0.128
1630695,micah_potter,Micah Potter,ind,C,C,81.0,False,197.3983333333333,710.9183333333333,28.0,47,908.3166666666668,151,293,71,168,85,101,58,175,233,69,47,22,15,82,458,0.174,0.061,0.423,0.842,384.44,19.3258865248227,45.583743339291566,0.64,0.423,0.842,0.6333365114861331,0.4190812380424217,0.836293293709164,0.12225574862137134,0.03827418994701071,0.061,0.03905300938707896,0.010268685107734581,0.007001376209819033,0.7788591825307951,0.5169283276450511,0.174
1630543,isaiah_jackson,Isaiah Jackson,lac,F,C,80.0,False,276.0,632.3116666666666,24.0,55,908.3116666666666,151,237,0,3,68,105,113,177,290,52,58,36,49,147,370,0.152,0.12,0.0,0.648,341.2,16.514757575757574,38.953166245544885,0.6452991452991453,0.0,0.648,0.6413952010271639,0.27665079781162005,0.6593787443627583,0.16998827667057445,0.06861386455415432,0.12,0.02503405194683199,0.016803395401017385,0.022871288184718105,0.7455694976076556,0.5290295358649789,0.152
1630182,josh_green,Josh Green,cha,G,SG,78.0,False,0.0,907.9283333333332,25.0,58,907.9283333333332,83,181,58,138,25,28,45,57,102,47,35,35,6,64,249,0.104,0.048,0.42,0.893,228.32,15.653936781609193,36.92275826963212,0.5813953488372093,0.42,0.893,0.575479793408075,0.41619229980777744,0.8639093579399266,0.15329362298528382,0.029885315387437418,0.048,0.020510910058541776,0.01634353185250484,0.002801748317572258,0.7353755671506352,0.5,0.104
1642928,dylan_cardwell,Dylan Cardwell,sac,C,C,82.0,False,5.068333333333333,901.47,24.0,44,906.5383333333332,105,179,2,4,26,51,147,185,332,62,39,30,67,161,238,0.108,0.148,0.5,0.51,240.44,20.603143939393934,48.596395519011246,0.5885714285714285,0.5,0.51,0.5864888056790701,0.39974716939650434,0.5545664852740526,0.1622026285143903,0.07529552078938545,0.148,0.03596949243678454,0.014030221265102878,0.03133416082539643,0.7939845992822967,0.4888268156424581,0.108
203939,dwight_powell,Dwight Powell,dal,F-C,C,82.0,False,295.45666666666665,608.955,34.0,63,904.4116666666666,65,101,2,7,78,112,96,161,257,68,41,34,21,133,210,0.084,0.101,0.286,0.696,191.28,14.35574074074074,33.860718396065444,0.6702127659574468,0.286,0.696,0.6586579716406535,0.32920355126770945,0.7035127508337476,0.21434546214972813,0.062346908486041415,0.101,0.026440825849036922,0.015938307432521864,0.009844248708322328,0.7200021929824562,0.47425742574257423,0.084
1630194,paul_reed,Paul Reed,det,F,C,81.0,False,296.185,604.4433333333334,27.0,65,900.6283333333333,209,339,13,40,73,110,130,164,294,80,58,57,60,120,504,0.2,0.142,0.325,0.664,445.4,13.855820512820513,32.681562380098676,0.6555183946488294,0.325,0.664,0.6521049483839093,0.3319292074310212,0.6735712966809768,0.13022002694207455,0.056489155098596366,0.142,0.030616721583855283,0.026832348671833272,0.028244577549298183,0.714082085020243,0.46873156342182887,0.2
1630702,jaden_hardy,Jaden Hardy,was,G,SG,75.0,False,102.76666666666668,795.33,23.0,57,898.0966666666667,182,429,104,262,55,75,15,71,86,58,62,16,6,89,523,0.239,0.017,0.397,0.733,524.0,15.75608187134503,37.16368670248341,0.46706586826347307,0.397,0.733,0.4717538364442258,0.39557522195423184,0.7391594776672613,0.1183206106870229,0.04201422537198365,0.017,0.02635311848929474,0.00755311916799706,0.0028324196879988975,0.7365851800554017,0.5,0.239
1631245,quenton_jackson,Quenton Jackson,ind,G,PG,76.0,False,436.51166666666666,460.91333333333336,27.0,49,897.425,154,328,42,118,98,119,28,86,114,140,62,31,6,82,448,0.2,0.03,0.356,0.824,442.36,18.314795918367345,43.19889570820198,0.5333333333333333,0.356,0.824,0.5340928593210362,0.35622234665274266,0.8203764000133117,0.1401573379148205,0.03873870756000293,0.03,0.07586270700342308,0.014645121150732814,0.0028345395775611895,0.7668857411385608,0.5873170731707317,0.2
1641740,jaylen_clark,Jaylen Clark,min,G,SG,77.0,False,30.425,857.2783333333333,24.0,68,887.7033333333334,99,228,33,101,44,67,54,66,120,43,23,47,9,87,275,0.126,0.056,0.327,0.657,280.48,13.054460784313726,30.791404526808016,0.5196850393700787,0.327,0.657,0.5219009419753866,0.32969784118514467,0.6730981246976261,0.08200228180262407,0.04155093878851756,0.056,0.015361023255003438,0.022447058885750864,0.0042983729781225066,0.70459229876161,0.5226315789473684,0.126
1630560,cam_thomas,Cam Thomas,mil,X,SG,,False,226.28333333333333,654.2433333333333,24.0,42,880.5266666666666,189,461,52,168,137,169,11,60,71,108,74,9,4,43,567,0.295,0.012,0.31,0.811,609.36,20.964920634920635,49.44971399492408,0.46757679180887374,0.31,0.811,0.47029844571164353,0.3123396650087138,0.809098075987247,0.12143888670080084,0.020704053493911325,0.012,0.070852534562212,0.004333406545237254,0.001925958464549891,0.7982687969924813,0.47960954446854664,0.295
1631121,bryce_mcgowens,Bryce McGowens,nop,G,SG,78.0,False,363.4216666666667,516.5116666666667,23.0,42,879.9333333333333,114,237,38,93,74,95,12,76,88,62,17,27,8,88,340,0.136,0.013,0.409,0.779,295.8,20.95079365079365,49.416392842087156,0.5277777777777778,0.409,0.779,0.529223565263818,0.40384912982088406,0.7793195771592115,0.05747126436781609,0.04239965676842391,0.013,0.03744788674297669,0.01300898559940279,0.0038545142516749,0.7981015037593985,0.5415189873417722,0.136
1629216,gabe_vincent,Gabe Vincent,atl,G,PG,74.0,False,173.25,705.8283333333334,30.0,53,879.0783333333334,76,216,59,173,20,23,17,37,54,76,27,27,3,79,231,0.119,0.02,0.341,0.87,253.12,16.586383647798744,39.122109827001424,0.3953488372093023,0.341,0.87,0.4245363971816599,0.342057160500279,0.8432895636884004,0.10666877370417194,0.03810034899260687,0.02,0.03400948467335724,0.013021638263296019,0.00144684869592178,0.7464177010923536,0.5,0.119
202685,jonas_valanciunas,Jonas Valanciunas,den,C,C,83.0,False,149.91666666666666,721.1483333333333,34.0,65,871.065,227,390,8,26,105,136,105,224,329,78,73,14,37,133,567,0.26,0.124,0.308,0.772,522.84,13.401000000000002,31.608782536585373,0.6016483516483516,0.308,0.772,0.6002685268733369,0.3221238992097517,0.772798326039159,0.1396220641113916,0.06473371265677628,0.124,0.02996682846380179,0.006814075016502768,0.018008626829328744,0.7086960526315791,0.5101538461538462,0.26
1628975,jevon_carter,Jevon Carter,orl,G,PG,72.0,False,23.766666666666666,843.675,30.0,53,867.4416666666667,123,307,78,215,15,19,14,75,89,87,36,40,10,57,339,0.166,0.015,0.363,0.789,351.36,16.36682389937107,38.604236806940406,0.4891304347826087,0.363,0.789,0.49510224559439187,0.3626509349846714,0.7871915724730073,0.10245901639344263,0.027858903246595342,0.015,0.04242564807050722,0.019550107541470418,0.004887526885367604,0.7438176514399206,0.4919218241042345,0.166
1630570,trendon_watford,Trendon Watford,phi,G-F,PF,80.0,False,163.66666666666666,700.05,25.0,53,863.7166666666667,138,268,10,50,60,77,38,136,174,132,64,16,22,107,346,0.17,0.041,0.2,0.779,365.88,16.296540880503144,38.43846106935283,0.5871559633027523,0.2,0.779,0.5855281975904736,0.22660767285918434,0.7796385701346806,0.17492073904012245,0.05252207992629432,0.041,0.06365186709791237,0.007853768960941206,0.010798932321294159,0.7429853525322742,0.5,0.17
1631124,julian_strawther,Julian Strawther,den,G,SG,78.0,False,370.90833333333336,489.765,24.0,57,860.6733333333333,149,319,58,150,57,70,12,102,114,61,36,25,6,73,413,0.187,0.014,0.387,0.814,385.8,15.099532163742689,35.615090558012014,0.5384615384615384,0.387,0.814,0.5391085421822792,0.38497787732219413,0.8103569450214652,0.09331259720062209,0.03595952542363694,0.014,0.02615124011878372,0.01231490596699895,0.0029555774320797483,0.7288102493074793,0.46526645768025077,0.187
1630592,jalen_wilson,Jalen Wilson,bkn,F,PF,78.0,False,57.03333333333333,802.1883333333334,25.0,54,859.2216666666667,110,278,54,152,69,96,17,97,114,50,38,22,2,85,343,0.177,0.019,0.355,0.719,358.24,15.911512345679013,37.53029875104554,0.4444444444444444,0.355,0.719,0.45220903713697036,0.3555337059972288,0.7247976943558228,0.1060741402411791,0.04194142137038605,0.019,0.02614562475289196,0.010855426707629328,0.000986856973420848,0.7384258040935673,0.5325179856115108,0.177
1628997,caleb_martin,Caleb Martin,dal,F,SF,77.0,False,312.505,543.7066666666667,30.0,58,856.2116666666667,85,189,20,57,37,61,28,115,143,81,40,40,15,86,227,0.122,0.03,0.351,0.607,255.84,14.76227011494253,34.819594493661036,0.49242424242424243,0.351,0.607,0.4964818947227322,0.35218597569479193,0.6313881070664397,0.15634771732332708,0.04258402897137684,0.03,0.03457826182022636,0.019806525102965974,0.00742744691361224,0.7248163566243195,0.482010582010582,0.122
1629026,kenrich_williams,Kenrich Williams,okc,G-F,PF,79.0,False,57.93333333333333,797.23,31.0,56,855.1633333333333,140,296,50,129,33,52,59,128,187,79,43,31,5,59,363,0.178,0.068,0.388,0.635,361.88,15.270773809523808,36.01899623241709,0.5389221556886228,0.388,0.635,0.5395504466137173,0.3855860458384968,0.6585250903502776,0.11882391953133635,0.02925043834573087,0.068,0.034748744796807285,0.015368874385045035,0.0024788507072653282,0.7308381109022557,0.4643243243243243,0.178
203937,kyle_anderson,Kyle Anderson,min,F-G,SF,80.0,False,127.99166666666666,725.245,32.0,43,853.2366666666667,107,202,4,11,48,68,42,108,150,126,39,45,26,96,266,0.131,0.047,0.364,0.706,270.92,19.842713178294574,46.802776344194456,0.5392670157068062,0.364,0.706,0.5398031296051143,0.36173620816909813,0.7157507128425283,0.14395393474088292,0.04770140393203012,0.047,0.07301199200062186,0.02236003309313912,0.01291913023159149,0.7849794981640147,0.4788118811881188,0.131
1631342,daeqwon_plowden,Daeqwon Plowden,sac,G-F,SG,76.0,False,217.09166666666667,627.2766666666666,27.0,32,844.3683333333333,120,279,62,186,42,49,33,64,97,41,26,23,7,78,344,0.157,0.037,0.333,0.857,326.56,26.386510416666667,62.23755463471094,0.6236559139784946,0.333,0.857,0.6165090199090094,0.3346758182221993,0.8445517898596138,0.07961783439490445,0.039164456481401745,0.037,0.033885663602644736,0.011548493577849232,0.0035147589149975922,0.862471833881579,0.6423655913978494,0.157
1631169,josh_minott,Josh Minott,bkn,F,SF,80.0,False,242.06,591.6716666666666,23.0,49,833.7316666666667,126,252,64,153,48,61,48,110,158,46,43,44,24,73,364,0.162,0.055,0.418,0.787,321.84,17.014931972789118,40.132921767232645,0.6262626262626263,0.418,0.787,0.6192699912901649,0.4147022108684114,0.7863176845312283,0.13360676112353967,0.037121541436928765,0.055,0.02691459681620013,0.02237462771540912,0.012204342390223154,0.7514926154672396,0.44,0.162
1630228,jonathan_kuminga,Jonathan Kuminga,atl,F,PF,79.0,False,398.97333333333336,431.5233333333333,23.0,36,830.4966666666667,157,339,35,105,89,123,49,153,202,83,67,22,11,55,438,0.226,0.056,0.333,0.724,460.12,23.069351851851852,54.41341138311754,0.5213675213675214,0.333,0.724,0.5225427420107703,0.3356213945352266,0.7280342526444903,0.14561418760323394,0.028077228369691783,0.056,0.05876055462504101,0.011230891347876715,0.0056154456739383575,0.8231896929824563,0.46884955752212387,0.226
1642914,javon_small,Javon Small,mem,G,PG,73.0,False,324.18333333333334,505.725,23.0,41,829.9083333333333,134,288,60,142,68,82,36,92,128,151,56,34,9,65,396,0.183,0.04,0.423,0.829,380.08,20.241666666666667,47.74378328816622,0.5068493150684932,0.423,0.829,0.5096181349399229,0.4183977656023096,0.8242234304534479,0.14733740265207326,0.03320570228148396,0.04,0.09673286354900704,0.01736913657800699,0.004597712623590086,0.7897039473684211,0.48694444444444446,0.183
1630224,jalen_green,Jalen Green,phx,G,SG,76.0,True,751.535,76.79,24.0,32,828.325,216,512,71,227,65,87,16,100,116,91,72,34,8,42,568,0.309,0.017,0.313,0.747,622.28,25.88515625,61.0550164041328,0.5087719298245614,0.313,0.747,0.5101709459343322,0.3147529973483167,0.750809851564095,0.11570354181397442,0.021497005116047387,0.017,0.08302919708029197,0.017402337474895505,0.004094667641151883,0.8565347450657895,0.3625,0.309
1631246,vince_williams_jr,Vince Williams Jr.,uta,X,SG,,False,296.0566666666667,523.3383333333334,25.0,40,819.395,103,292,55,177,39,50,39,116,155,166,70,29,16,80,300,0.19,0.044,0.311,0.78,384.0,20.484875,48.317435949864496,0.41739130434782606,0.311,0.78,0.42800343240502375,0.3133500554628399,0.7804759266952869,0.18229166666666666,0.04139292494898229,0.044,0.10381805146666262,0.01500493529400608,0.008278584989796459,0.7925840460526317,0.5471232876712329,0.19
1627741,buddy_hield,Buddy Hield,atl,G,SG,76.0,False,67.815,751.4566666666667,33.0,51,819.2716666666666,143,327,74,212,30,37,27,89,116,71,48,39,9,57,390,0.192,0.032,0.349,0.811,391.28,16.064150326797385,37.890324178401265,0.6,0.349,0.811,0.5960034324050237,0.349533605277257,0.8048628851429194,0.1226742997342057,0.029496898827290192,0.032,0.034126811997725666,0.020182088671303812,0.004657405077993188,0.7402333591331269,0.47003058103975537,0.192
1642868,carter_bryant,Carter Bryant,sas,F,PF,78.0,False,0.0,817.865,20.0,71,817.865,108,265,52,155,30,42,38,140,178,47,33,16,23,94,298,0.158,0.044,0.335,0.714,316.48,11.519225352112676,27.170262603152793,0.509090909090909,0.335,0.714,0.5125035754218997,0.33694824467606704,0.7274722231099464,0.10427199191102123,0.04872767265113598,0.044,0.015792104767134066,0.00829407194061889,0.011922728414639655,0.6864118791697554,0.5236981132075472,0.158
1631107,nikola_jovic,Nikola Jović,mia,F,PF,82.0,False,23.11833333333333,784.9,23.0,47,808.0183333333333,115,314,45,167,69,101,25,128,153,102,65,26,17,65,344,0.203,0.028,0.269,0.683,423.44,17.191879432624113,40.55028567875608,0.47619047619047616,0.269,0.683,0.48089445255177055,0.27455627328559923,0.6921491495650199,0.15350462875495938,0.03410527694824071,0.028,0.05262892955123204,0.013642110779296286,0.008919841663386033,0.753588045912654,0.47070063694267517,0.203
1629618,jalen_pickett,Jalen Pickett,den,G,SG,74.0,True,456.1716666666667,350.30833333333334,26.0,50,806.48,98,232,49,127,15,19,18,96,114,115,34,13,5,42,260,0.148,0.022,0.386,0.789,274.36,16.1296,38.044699559891605,0.4666666666666667,0.386,0.789,0.4739167743532867,0.3839157691354092,0.7871915724730073,0.12392477037469019,0.022079291194759886,0.022,0.05531959827294912,0.006834066322187584,0.0026284870469952246,0.7410084210526316,0.4279310344827586,0.148
1631099,keegan_murray,Keegan Murray,sac,F,PF,80.0,True,760.2966666666666,32.8,25.0,23,793.0966666666667,126,300,31,112,38,49,33,99,132,38,27,24,36,42,321,0.182,0.039,0.277,0.776,348.56,34.48246376811594,81.3333854616865,0.5053191489361702,0.277,0.776,0.5075779244981211,0.28357754402910706,0.7767551796901222,0.07746155611659399,0.022451874419784836,0.039,0.04578851466525598,0.012829642525591335,0.019244463788387005,0.9583449656750573,0.4184,0.182
1628988,aaron_holiday,Aaron Holiday,hou,G,PG,72.0,False,28.32,752.4116666666666,29.0,57,780.7316666666667,105,252,67,170,35,41,13,45,58,60,38,27,5,72,312,0.159,0.016,0.394,0.854,308.04,13.697046783625732,32.30706463525571,0.4634146341463415,0.394,0.854,0.47283075055030405,0.3922025576197281,0.8397756000336708,0.12336060251915335,0.03909850396493145,0.016,0.02559820188240436,0.014661938986849293,0.002715173886453573,0.7122018698060942,0.43,0.159
1631213,tyrese_martin,Tyrese Martin,phi,F,SG,78.0,False,135.61,641.0,27.0,46,776.61,109,277,53,165,19,28,34,82,116,78,40,25,6,33,290,0.178,0.04,0.321,0.679,329.32,16.882826086956523,39.82132515376459,0.5,0.321,0.679,0.5041018774641637,0.32340834498029175,0.7060146210978214,0.12146240738491437,0.0180152544290708,0.04,0.043078249390465666,0.013647920022023334,0.0032755008052856006,0.7499282036613273,0.5085198555956679,0.178
204001,kristaps_porzingis,Kristaps Porziņģis,gsw,F-C,C,86.0,True,585.9216666666666,182.97,30.0,32,768.8916666666667,173,388,54,160,133,158,40,127,167,81,41,18,38,92,533,0.265,0.05,0.338,0.842,498.52,24.027864583333333,56.674244193202355,0.5219298245614035,0.338,0.842,0.52311104643121,0.33880270806794743,0.8382652119149835,0.08224344058412902,0.05072851064760797,0.05,0.07123704927175616,0.009925143387575473,0.020953080484881554,0.8345405016447369,0.44113402061855667,0.265
1631133,jabari_walker,Jabari Walker,phi,F,PF,79.0,False,83.68333333333334,677.985,23.0,64,761.6683333333333,97,213,32,95,50,68,72,120,192,34,27,23,13,103,276,0.142,0.087,0.337,0.735,269.92,11.901067708333333,28.070909719116983,0.5508474576271186,0.337,0.735,0.550784601958031,0.3390139083004863,0.741391738483554,0.10002963841138114,0.05733248462923793,0.087,0.013209889412188348,0.012802399480315266,0.007236138836699933,0.6909336965460526,0.5,0.142
1642869,noah_penda,Noah Penda,orl,G-F,SF,79.0,False,67.49833333333333,689.7766666666666,21.0,59,757.275,82,203,30,93,33,48,67,120,187,70,42,30,18,70,227,0.14,0.081,0.323,0.688,266.12,12.835169491525424,30.274164709935235,0.4727272727272727,0.323,0.688,0.47917024208856646,0.32617922690826273,0.7039406138227106,0.15782353825341952,0.03918987325773322,0.081,0.02994371208129665,0.016795659967599953,0.010077395980559971,0.701995428189117,0.48305418719211823,0.14
1630703,scoot_henderson,Scoot Henderson,por,G,PG,75.0,False,273.63666666666666,474.1933333333333,22.0,30,747.83,143,342,57,162,84,100,18,62,80,112,73,27,9,85,427,0.246,0.022,0.352,0.84,459.0,24.927666666666667,58.79659688166216,0.4777777777777778,0.352,0.84,0.4815812055296209,0.35230500216018057,0.8348050509247019,0.15904139433551198,0.04818873002183925,0.022,0.1034537139252484,0.01530700835987835,0.005102336119959449,0.8451960526315789,0.4898245614035088,0.246
1631250,pete_nance,Pete Nance,mil,F,PF,81.0,False,199.66666666666663,537.4316666666666,26.0,47,737.0983333333334,100,194,50,119,4,11,27,98,125,48,26,14,14,62,254,0.132,0.038,0.42,0.364,224.84,15.682943262411348,36.99117551788426,0.6666666666666666,0.42,0.364,0.652946224125035,0.4154764369887679,0.5632645524627244,0.11563778687066358,0.03566117912453036,0.038,0.02641344831057276,0.00805252431844234,0.00805252431844234,0.7357190649496081,0.5,0.132
1628418,thomas_bryant,Thomas Bryant,cle,C-F,C,81.0,False,26.23333333333333,705.5833333333334,28.0,60,731.8166666666667,135,267,47,131,53,66,59,146,205,33,28,18,26,75,370,0.182,0.074,0.359,0.803,324.04,12.196944444444446,28.76879072869618,0.6470588235294118,0.359,0.803,0.6404138976070409,0.3588401444790855,0.8003757316015423,0.08640908529811134,0.043449862449489576,0.074,0.013384775189197212,0.010427966987877497,0.01506261898248972,0.6944375,0.5,0.182
203500,steven_adams,Steven Adams,hou,C,C,83.0,False,308.7316666666667,421.6333333333333,32.0,32,730.365,70,139,0,0,47,81,145,131,276,48,35,22,20,55,187,0.116,0.189,0.0,0.58,209.64,22.82390625,53.834481702235784,0.5035971223021583,0.0,0.58,0.5067142889303891,0.35964603715510607,0.6025116000188705,0.16695287158939134,0.031926563526822604,0.189,0.036786421922314856,0.012770625410729044,0.01160965946429913,0.8202831003289475,0.4188489208633094,0.116
1628366,lonzo_ball,Lonzo Ball,cle,X,PG,,False,80.48833333333333,647.255,28.0,35,727.7433333333333,53,176,40,147,14,21,26,114,140,136,52,45,9,46,160,0.13,0.032,0.272,0.667,237.24,20.792666666666666,49.04342056729901,0.4482758620689655,0.272,0.667,0.4743699756571276,0.27768446096529337,0.7041469548941036,0.2191873208565166,0.02679841045104527,0.032,0.09289927026756854,0.02621583631080516,0.005243167262161031,0.7962289473684211,0.4797727272727273,0.13
1642278,tyler_kolek,Tyler Kolek,nyk,G,PG,74.0,False,31.435,695.7266666666667,25.0,62,727.1616666666666,108,248,44,114,14,20,16,82,98,170,55,22,4,65,274,0.173,0.021,0.386,0.7,311.8,11.728413978494624,27.663673378500455,0.47761194029850745,0.386,0.7,0.4826418684071387,0.38384242235121824,0.7276185200572404,0.1763951250801796,0.03789760970750092,0.021,0.06697286493965716,0.012826883285615695,0.002332160597384672,0.6888891129032259,0.5103225806451613,0.173
1631159,leonard_miller,Leonard Miller,chi,F,SF,82.0,True,369.9866666666667,348.675,22.0,46,718.6616666666666,145,262,32,99,39,53,54,127,181,40,36,17,15,65,361,0.176,0.073,0.323,0.736,321.32,15.623079710144927,36.84997605475041,0.6932515337423313,0.323,0.736,0.6849735783273293,0.3265730309316611,0.7433104063764637,0.1120378438939375,0.03834584522284137,0.073,0.02216126373255138,0.010028913365973894,0.008849041205271085,0.7350101544622426,0.487175572519084,0.176
1629684,grant_williams,Grant Williams,cha,F,PF,79.0,False,86.95,624.5033333333333,27.0,36,711.4533333333334,78,183,52,134,44,54,46,96,142,56,31,17,18,56,252,0.132,0.06,0.388,0.815,237.76,19.762592592592593,46.613796852353715,0.5306122448979592,0.388,0.815,0.5339055771292878,0.38608653035799345,0.8098211812768314,0.1303835800807537,0.0333711403188777,0.06,0.040120220870902355,0.010130524739659303,0.01072643795963926,0.7840307017543859,0.4488524590163934,0.132
1630208,nick_richards,Nick Richards,chi,C,C,83.0,False,132.0,568.71,28.0,48,700.71,103,201,5,18,65,101,77,166,243,16,59,10,32,88,276,0.176,0.103,0.278,0.644,304.44,14.598125000000001,34.432427323848245,0.5355191256830601,0.278,0.644,0.536271653112062,0.3070164418411093,0.6561131135289839,0.1937984496124031,0.0532443825725742,0.103,0.008282723702983549,0.006050498019610705,0.019361593662754254,0.722872532894737,0.47950248756218905,0.176
1630536,sharife_cooper,Sharife Cooper,was,G,PG,72.0,False,26.933333333333334,673.065,25.0,41,699.9983333333333,127,247,29,76,50,60,18,68,86,124,61,16,5,61,333,0.197,0.025,0.382,0.833,334.4,17.073130081300814,40.27019296758984,0.5730994152046783,0.382,0.833,0.5718255748653479,0.37902860897152396,0.8261222228816745,0.18241626794258375,0.036945561180851356,0.025,0.07813484562066794,0.009690638998256094,0.003028324686955029,0.7521818035943518,0.517165991902834,0.197
1642269,devin_carter,Devin Carter,sac,G,PG,74.0,False,348.475,351.3933333333333,24.0,38,699.8683333333333,121,292,30,114,67,94,36,89,125,101,54,34,9,50,339,0.226,0.048,0.263,0.713,387.36,18.417587719298247,43.441349531212865,0.5112359550561798,0.263,0.713,0.5133001545246169,0.2709391965447666,0.7195053423242039,0.13940520446096655,0.030288871959164347,0.048,0.06925791507083005,0.020596432932231755,0.005451996952649582,0.768103012465374,0.5645205479452055,0.226
1641724,jett_howard,Jett Howard,orl,G,SF,80.0,False,0.0,695.32,22.0,55,695.32,105,251,54,145,37,39,23,64,87,45,15,10,11,66,301,0.166,0.03,0.372,0.949,283.16,12.64218181818182,29.81896693372753,0.4811320754716981,0.372,0.949,0.4870726642295515,0.37159006691323265,0.9148684816676982,0.05297358383952535,0.040242842841168594,0.03,0.020923705026792548,0.00609740043048009,0.0067071404735281,0.6997100478468901,0.4832669322709163,0.166
1641722,jordan_hawkins,Jordan Hawkins,nop,G,SG,77.0,False,32.855,659.12,24.0,51,691.975,94,257,47,135,23,27,20,68,88,42,34,13,10,30,258,0.175,0.026,0.348,0.852,302.88,13.568137254901961,32.00300723205272,0.38524590163934425,0.348,0.852,0.39773052311081797,0.34894110601069694,0.8332042054518165,0.11225567881669309,0.01838062560347448,0.026,0.020439533048066137,0.007964937761505607,0.006126875201158159,0.7106753095975233,0.47073929961089495,0.175
1642853,rasheer_fleming,Rasheer Fleming,phx,F,PF,81.0,False,38.0,635.4016666666666,21.0,55,673.4016666666666,87,215,45,130,19,34,57,67,124,16,29,22,21,64,238,0.159,0.08,0.346,0.559,258.96000000000004,12.243666666666666,28.878993889792234,0.49411764705882355,0.346,0.559,0.5000045163223997,0.3471175740825076,0.6097399000390276,0.11198640716713004,0.040293521584478416,0.08,0.007380073800738006,0.013850898044664457,0.01322131176990698,0.6949907894736842,0.4838139534883721,0.159
1642942,jahmai_mashack,Jahmai Mashack,mem,G,SG,76.0,False,240.03333333333333,433.1183333333333,23.0,31,673.1516666666666,77,195,19,75,19,35,23,58,81,69,49,37,14,67,192,0.156,0.031,0.253,0.543,259.4,21.71456989247312,51.21790296296297,0.48333333333333334,0.253,0.543,0.4884648388509844,0.2658407102535419,0.5961901244826048,0.18889745566692367,0.0421979463732346,0.031,0.057281120920061546,0.02330334351954747,0.008817481331720663,0.8071462224108659,0.5168205128205128,0.156
1641774,tristan_vukcevic,Tristan Vukcevic,was,F,C,84.0,False,222.345,448.635,23.0,49,670.98,152,317,50,144,87,111,32,115,147,55,62,23,33,82,441,0.259,0.046,0.347,0.784,427.84000000000003,13.693469387755103,32.298626673303474,0.5895953757225434,0.347,0.784,0.5874340385280217,0.34802896345163026,0.783707071088572,0.14491398653702317,0.05181240071542464,0.046,0.029001723384005963,0.0145327465421313,0.020851331995231863,0.7121595059076262,0.480820189274448,0.259
1631093,jaden_ivey,Jaden Ivey,chi,X,SG,,False,127.05833333333334,543.1966666666667,24.0,37,670.255,114,256,50,134,38,47,24,67,91,68,41,23,14,53,316,0.192,0.034,0.373,0.809,317.68,18.115,42.72763940379404,0.5245901639344263,0.373,0.809,0.5265184018986968,0.3721976414691046,0.8040097473985476,0.12906069000251824,0.03352472667388309,0.034,0.04675342098202308,0.014548466292439832,0.008855588178006855,0.7645197368421053,0.464375,0.192
1630544,tre_mann,Tre Mann,cha,G,PG,76.0,False,35.38333333333333,633.075,25.0,53,668.4583333333334,109,303,50,155,23,27,20,72,92,86,54,25,5,69,291,0.231,0.028,0.323,0.852,368.88,12.6124213836478,29.74877134359394,0.39864864864864863,0.323,0.852,0.40823056361156945,0.3248270325548549,0.8332042054518165,0.14638906961613532,0.04376270795913649,0.028,0.04173200854523828,0.015856053608382787,0.0031712107216765578,0.6993576216484608,0.4792739273927393,0.231
203914,gary_harris,Gary Harris,mil,G,SG,76.0,False,36.82,623.9483333333334,31.0,48,660.7683333333333,46,104,28,68,8,9,16,45,61,51,19,27,9,53,128,0.082,0.025,0.412,0.889,126.96,13.766006944444444,32.46972016297802,0.5,0.412,0.889,0.510878892404956,0.40508282527629563,0.8330818737745902,0.14965343415248897,0.03400604197154855,0.025,0.02667295966528051,0.017323832702486996,0.0057746109008289985,0.7130185032894737,0.5,0.082
1630679,ethan_thompson,Ethan Thompson,ind,G,SG,76.0,True,388.38666666666666,264.845,27.0,32,653.2316666666667,74,196,38,116,37,47,17,52,69,57,25,20,9,69,223,0.154,0.025,0.328,0.787,241.68,20.413489583333334,48.14905999943542,0.45,0.328,0.787,0.4611158783403108,0.33013063786945285,0.7864658877494248,0.1034425686858656,0.04478280572923508,0.025,0.046275395033860044,0.012980523399778282,0.005841235529900227,0.7917386924342106,0.5,0.154
1631123,jamaree_bouyea,Jamaree Bouyea,phx,G,PG,74.0,False,39.68333333333333,604.375,27.0,46,644.0583333333333,108,236,23,78,24,35,18,64,82,82,30,29,16,38,263,0.184,0.026,0.295,0.686,281.4,14.001268115942027,33.02462794666352,0.5379746835443038,0.295,0.686,0.5386930300632617,0.30223250422217113,0.7073012355937158,0.10660980810234542,0.025014269891425037,0.026,0.04611923509561305,0.019089837548719107,0.010532324164810541,0.715804490846682,0.4816949152542373,0.184
1642277,johnny_furphy,Johnny Furphy,ind,G,SG,80.0,True,444.40833333333336,198.645,21.0,35,643.0533333333333,70,149,23,71,17,35,32,121,153,41,29,20,7,65,180,0.125,0.049,0.324,0.486,193.4,18.37295238095238,43.33606867879727,0.6025641025641025,0.324,0.486,0.596595784666227,0.32835136261174147,0.5517456800381603,0.1499482936918304,0.04285443774117629,0.049,0.03018766274580228,0.013185980843438857,0.0046150932952036,0.7675744360902256,0.5,0.125
1642885,mohamed_diawara,Mohamed Diawara,nyk,F,SF,81.0,False,125.34166666666668,508.81,21.0,69,634.1516666666666,90,213,48,130,18,24,15,79,94,53,30,17,6,50,246,0.169,0.024,0.369,0.75,253.56,9.1906038647343,21.677770236570968,0.5060240963855421,0.369,0.75,0.5107573016196556,0.368546145511079,0.7596634000505063,0.11831519167061051,0.03342768528549756,0.024,0.01856313001879378,0.01136541299706917,0.004011322234259707,0.6588360983981694,0.5,0.169
1630192,zeke_nnaji,Zeke Nnaji,den,F-C,PF,82.0,False,107.50166666666668,518.4866666666667,25.0,52,625.9883333333333,71,151,14,54,34,44,33,103,136,29,27,17,24,71,190,0.136,0.053,0.259,0.773,197.36,12.03823717948718,28.39444975227573,0.5876288659793815,0.259,0.773,0.5841161593516633,0.2749446933054853,0.7746028815132817,0.13680583704904742,0.048086320647054766,0.053,0.013224482532338253,0.011513626070421563,0.01625453092294809,0.6925580718623482,0.5235761589403973,0.136
203076,anthony_davis,Anthony Davis,was,F-C,PF,82.0,True,625.63,0.0,33.0,20,625.63,169,334,10,37,59,81,62,159,221,56,41,22,33,42,407,0.272,0.099,0.27,0.728,410.64,31.2815,73.78330952303524,0.5353535353535354,0.27,0.728,0.535832016451557,0.2892863908840651,0.7343797318870023,0.09984414572374829,0.028461721405223458,0.099,0.08394574238601878,0.014908520736069433,0.022362781104104144,0.9204388157894737,0.4764071856287425,0.272
1627827,dorian_finney_smith,Dorian Finney-Smith,hou,F,PF,79.0,False,26.796666666666667,593.515,33.0,37,620.3116666666666,44,132,27,100,8,9,35,58,93,36,22,16,6,61,123,0.104,0.054,0.27,0.889,157.96,16.765180180180177,39.543835124392686,0.53125,0.27,0.889,0.535724501205428,0.2781496397413733,0.8330818737745902,0.1392757660167131,0.04169167313849326,0.054,0.02329122712891442,0.010935520823211347,0.004100820308704255,0.7485350284495021,0.5,0.104
1642880,kam_jones,Kam Jones,ind,G,SG,76.0,False,224.67,391.655,24.0,37,616.325,68,169,22,75,4,8,15,45,60,119,36,18,0,39,162,0.141,0.024,0.293,0.5,208.52,16.657432432432433,39.289691767377136,0.48936170212765956,0.293,0.5,0.4951964331791151,0.3011348279006007,0.6571419778731786,0.17264530980241702,0.026827750655179537,0.024,0.0825368362289175,0.012382038763929019,0.0,0.7472590682788052,0.5073372781065089,0.141
201567,kevin_love,Kevin Love,uta,F-C,PF,82.0,False,116.33333333333331,496.4666666666666,37.0,37,612.8,79,199,53,142,37,44,55,160,215,67,30,14,9,54,248,0.161,0.083,0.373,0.841,248.36,16.56216216216216,39.06497889108621,0.45614035087719296,0.373,0.841,0.47015565747205934,0.3723451340233622,0.8301584370688373,0.12079239813174424,0.03735979132430753,0.083,0.04480691595644905,0.009685871824820471,0.006226631887384588,0.7311308677098151,0.5006030150753769,0.161
1627752,taurean_prince,Taurean Prince,mil,F,SF,78.0,False,195.28666666666663,416.01666666666665,32.0,26,611.3033333333333,86,191,61,140,6,6,4,77,81,46,31,16,6,48,239,0.157,0.007,0.436,1.0,224.64,23.511666666666663,55.456694182475154,0.49019607843137253,0.436,1.0,0.5000070336168521,0.43064306914367373,0.8642847251073259,0.1379985754985755,0.0332900089586885,0.007,0.04719837833779624,0.011096669652896166,0.0041612511198360624,0.8284276315789474,0.4679581151832461,0.157
1642859,jase_richardson,Jase Richardson,orl,G,SG,73.0,False,0.0,586.7483333333333,20.0,54,586.7483333333333,89,188,28,79,33,46,21,42,63,58,25,19,2,53,239,0.162,0.034,0.354,0.717,233.24,10.86570987654321,25.628823266419086,0.5596330275229358,0.354,0.717,0.5588271348792266,0.35501640866911305,0.7290813500306645,0.10718573143543131,0.038296002562376565,0.034,0.02728566183220121,0.013728755635568957,0.0014451321721651532,0.6786728801169591,0.5,0.162
1642275,tidjane_salaun,Tidjane Salaün,cha,F,PF,82.0,False,0.0,575.38,20.0,37,575.38,80,159,36,83,26,40,26,123,149,27,26,16,7,54,222,0.147,0.044,0.434,0.65,202.6,15.55081081081081,36.679516244048926,0.5789473684210527,0.434,0.65,0.5755863843096276,0.42576839109194686,0.6765711120343443,0.12833168805528133,0.039789495852368274,0.044,0.018818689491623387,0.011789480252553563,0.0051578976104921835,0.7341543385490754,0.479874213836478,0.147
1629630,ja_morant,Ja Morant,mem,G,PG,74.0,True,568.5,0.0,26.0,20,568.5,132,322,20,85,105,117,8,57,65,161,71,20,6,40,389,0.305,0.013,0.235,0.897,444.48,28.425,67.0457162601626,0.47257383966244726,0.235,0.897,0.4757102390713683,0.248383793384748,0.8884138236355686,0.15973722102231822,0.02983039203040575,0.013,0.23171159786576806,0.014915196015202876,0.004474558804560862,0.8866118421052631,0.5300621118012423,0.305
1627734,domantas_sabonis,Domantas Sabonis,sac,F-C,C,82.0,True,474.8383333333333,88.75,30.0,19,563.5883333333334,120,221,5,27,56,77,64,152,216,78,51,18,4,66,301,0.223,0.108,0.185,0.727,305.88,29.662543859649123,69.96469654067418,0.5927835051546392,0.185,0.727,0.5906883776991567,0.23233676679867732,0.7336615586404277,0.16673205178501374,0.049649099935806615,0.108,0.11647727272727273,0.013540663618856348,0.003009036359745855,0.9012669667590028,0.4714027149321267,0.223
1642261,dalton_knecht,Dalton Knecht,lal,F,SF,78.0,False,23.0,529.9283333333333,25.0,54,552.9283333333333,87,191,38,111,16,22,14,61,75,21,23,11,11,45,228,0.171,0.026,0.342,0.727,223.68,10.239413580246913,24.151585490648735,0.6125,0.342,0.727,0.6055603227847552,0.3437723997648848,0.7446423625536629,0.10282546494992846,0.0345042909773353,0.026,0.00961699561036089,0.008434382238904185,0.008434382238904185,0.6712562134502924,0.5,0.171
1629234,drew_eubanks,Drew Eubanks,sac,F-C,C,82.0,False,212.84833333333333,339.4216666666667,29.0,42,552.27,93,156,1,7,32,57,39,88,127,19,30,15,26,57,219,0.161,0.069,0.143,0.561,211.08,13.149285714285714,31.015066984126985,0.6174496644295302,0.143,0.561,0.6132102456014338,0.27038002185594473,0.5944560537569733,0.1421262080727686,0.043757534292523735,0.069,0.011497306471847097,0.011515140603295719,0.01995957704571258,0.7057152255639099,0.5,0.161
1631207,dalen_terry,Dalen Terry,phi,F,SG,78.0,False,0.0,551.0266666666666,23.0,48,551.0266666666666,68,155,24,66,16,30,26,60,86,66,26,29,15,49,176,0.139,0.041,0.364,0.533,194.2,11.479722222222222,27.077087031014756,0.4943820224719101,0.364,0.533,0.500004333844727,0.36311132067830343,0.5957138900429303,0.13388259526261587,0.03770100277640818,0.041,0.034106377615326436,0.02231283837787423,0.011541123298900464,0.6859440789473685,0.5,0.139
1642878,tyrese_proctor,Tyrese Proctor,cle,G,PG,76.0,False,26.85,518.2366666666667,22.0,50,545.0866666666667,93,225,46,131,40,45,11,53,64,74,40,25,0,59,272,0.214,0.019,0.351,0.889,284.8,10.901733333333334,25.713791374164412,0.5,0.351,0.889,0.5048118177944997,0.3517479458975252,0.8696101018494039,0.14044943820224717,0.045889771089361375,0.019,0.03567858696802568,0.019444818258203975,0.0,0.6790994736842106,0.48346666666666666,0.214
1641989,elijah_harkless,Elijah Harkless,uta,G,SG,75.0,True,286.87166666666667,257.94166666666666,26.0,26,544.8133333333334,54,161,21,88,49,64,10,43,53,75,26,31,6,52,178,0.162,0.018,0.239,0.766,215.16,20.954358974358975,49.42480232923355,0.4520547945205479,0.239,0.766,0.46386059097142135,0.25098428950562307,0.7679534540772597,0.12084030488938464,0.040465513380860796,0.018,0.07127459842848204,0.024123671438590087,0.0046690976977916306,0.7981437246963563,0.45950310559006213,0.162
1630545,terrence_shannon_jr,Terrence Shannon Jr,min,G-F,SG,78.0,False,59.81666666666667,477.85833333333335,25.0,43,537.675,77,171,31,76,56,70,10,39,49,38,24,14,1,50,241,0.171,0.018,0.408,0.8,225.8,12.504069767441859,29.493203649083004,0.4842105263157895,0.408,0.8,0.4904802766726474,0.4022844229250123,0.7978569450214652,0.10628875110717449,0.0394257169044629,0.018,0.02164324759847469,0.011039200733249613,0.0007885143380892579,0.6980745104039168,0.4459649122807018,0.171
1630811,keaton_wallace,Keaton Wallace,atl,G,PG,75.0,False,92.16,443.83,27.0,53,535.99,68,171,38,102,12,18,3,53,56,94,28,24,5,48,186,0.161,0.005,0.373,0.667,206.92,10.113018867924529,23.85345975558624,0.43478260869565216,0.373,0.667,0.4493725196282022,0.37139696760313445,0.708162700061329,0.13531799729364005,0.03796767373111962,0.005,0.04191431166020479,0.01898383686555981,0.003954966013658293,0.6697594339622642,0.5,0.161
1630619,moussa_cisse,Moussa Cisse,dal,C,C,83.0,False,25.5,504.08,23.0,38,529.58,66,115,0,0,38,81,89,127,216,9,30,19,45,73,170,0.136,0.15,0.0,0.469,180.64,13.936315789473685,32.87142565111967,0.5739130434782609,0.0,0.469,0.5720034324050238,0.35964603715510607,0.5036105011177716,0.16607617360496016,0.0584414151052652,0.15,0.0059038110780455025,0.015210779273973137,0.03602552985941006,0.7150353185595568,0.4940869565217391,0.136
1630175,cole_anthony,Cole Anthony,mil,X,PG,,False,0.0,526.635,26.0,35,526.635,98,231,22,72,16,26,16,71,87,121,65,20,11,73,234,0.244,0.029,0.306,0.615,307.44,15.046714285714286,35.49050964459931,0.4779874213836478,0.306,0.615,0.4822510594711714,0.3121519557506227,0.6619043222699226,0.21142336716107207,0.058768225832780484,0.029,0.09099496510422876,0.01610088378980287,0.008855486084391578,0.7281847744360903,0.5521212121212121,0.244
1628369,jayson_tatum,Jayson Tatum,bos,F-G,PF,80.0,True,521.85,0.0,28.0,16,521.85,118,287,47,143,65,79,8,152,160,85,39,22,3,26,348,0.29,0.015,0.329,0.823,360.76,32.615625,76.93009461382115,0.4930555555555556,0.329,0.823,0.49675603279628555,0.33069581942190235,0.8182983775473844,0.10810511143142255,0.021123072942484784,0.015,0.15278386672512057,0.01787336941287174,0.0024372776472097826,0.9362376644736843,0.4977700348432056,0.29
1628371,jonathan_isaac,Jonathan Isaac,orl,F,PF,82.0,False,0.0,520.8933333333333,28.0,52,520.8933333333333,46,109,7,38,35,58,43,89,132,22,18,20,31,41,134,0.119,0.071,0.184,0.603,152.52,10.017179487179487,23.62740452505038,0.5492957746478874,0.184,0.603,0.5493880129707157,0.22075959107398044,0.6298317000252531,0.11801730920535011,0.03337063694937763,0.071,0.010543295305778942,0.016278359487501285,0.02523145720562699,0.6686244939271255,0.5462385321100918,0.119
1642419,jamison_battle,Jamison Battle,tor,F,SF,79.0,False,30.766666666666666,486.01166666666666,25.0,61,516.7783333333333,74,145,35,85,9,14,20,69,89,24,19,7,3,42,192,0.135,0.04,0.412,0.643,170.16,8.471775956284153,19.98227922549499,0.65,0.412,0.643,0.635720415008971,0.4062785302268533,0.7011898167382172,0.11165961448048896,0.03445675953148826,0.04,0.009501417005025901,0.0057427932552480436,0.0024611971093920185,0.6503236626402071,0.5391724137931034,0.135
1642854,asa_newell,Asa Newell,atl,F,PF,82.0,False,63.68333333333333,436.225,20.0,44,499.90833333333336,91,169,29,75,16,29,44,52,96,26,23,16,15,65,227,0.16,0.078,0.387,0.552,204.76,11.36155303030303,26.798362735074324,0.6595744680851063,0.387,0.552,0.649042587025269,0.3834877690770713,0.6109886051722362,0.1123266262941981,0.05512548441398766,0.078,0.014228700329689401,0.013569350009596961,0.01272126563399715,0.6845447069377991,0.5,0.16
1630574,ariel_hukporti,Ariel Hukporti,nyk,C,C,84.0,False,113.41833333333334,384.54333333333335,24.0,54,497.9616666666666,45,80,1,4,26,33,56,103,159,29,32,9,26,67,117,0.104,0.104,0.25,0.788,126.52,9.221512345679011,21.75067371039513,0.5789473684210527,0.25,0.788,0.5755863843096276,0.3283185979679329,0.7867105953887724,0.25292443882390137,0.05704378435633298,0.104,0.012832550860719877,0.0076625978986118925,0.022136393929323244,0.659202119883041,0.5,0.104
1631218,trayce_jackson_davis,Trayce Jackson-Davis,tor,F,C,81.0,False,24.94833333333333,471.0883333333333,26.0,53,496.0366666666667,71,124,1,1,38,74,66,79,145,39,23,17,24,45,181,0.142,0.124,1.0,0.514,179.56,9.359182389937107,22.07539443950163,0.5691056910569106,1.0,0.514,0.567672398876902,0.41786003377736913,0.5455780428775858,0.12809088883938516,0.03846167306774307,0.124,0.017824795304688064,0.014529965381147382,0.020512892302796303,0.6608324230387289,0.5170967741935484,0.142
1626156,dangelo_russell,D'Angelo Russell,was,G,PG,75.0,False,54.4,440.375,30.0,26,494.775,94,232,33,112,43,60,8,53,61,104,49,12,2,30,264,0.261,0.016,0.295,0.717,307.4,19.029807692307692,44.885385647279556,0.5083333333333333,0.295,0.717,0.5115417619279075,0.29997098665205785,0.7261222228816745,0.15940143135979182,0.02570649972606589,0.016,0.10474084991402603,0.010282599890426358,0.001713766648404393,0.7753529858299596,0.4320689655172414,0.261
1643007,taelon_peter,Taelon Peter,ind,G,SG,75.0,False,0.0,492.23,24.0,38,492.23,60,158,41,125,10,16,10,49,59,40,27,26,4,38,171,0.159,0.019,0.328,0.625,192.04,12.95342105263158,30.553083289117108,0.5757575757575758,0.328,0.625,0.5697774197820459,0.3303441509003782,0.6857136769891236,0.14059570922724432,0.03272992092278281,0.019,0.026835095068233138,0.0223941564208514,0.0034452548339771382,0.7033957756232687,0.4544303797468354,0.159
1643016,bez_mbeng,Bez Mbeng,uta,G,SG,76.0,False,215.66666666666663,276.5183333333333,23.0,15,492.185,50,100,6,31,16,25,18,39,57,62,22,34,5,46,122,0.106,0.032,0.194,0.64,133.0,32.812333333333335,77.39406826738936,0.6376811594202898,0.194,0.64,0.6265877095016199,0.234060009062221,0.6808158743347775,0.16541353383458646,0.03962405304850517,0.032,0.10540064268684567,0.02928734355759078,0.004306962287880997,0.9385671052631579,0.48,0.106
1629599,amir_coffey,Amir Coffey,phx,G-F,SG,79.0,False,73.94833333333334,416.5533333333333,29.0,46,490.50166666666667,55,113,17,49,22,28,19,38,57,27,9,9,5,30,149,0.117,0.039,0.347,0.786,134.32,10.663079710144928,25.1508818542084,0.59375,0.347,0.786,0.5878436358192969,0.34909254867035694,0.784961989518874,0.06700416914830257,0.02593045909180924,0.039,0.014746040415073733,0.007779137727542773,0.004321743181968206,0.6762733123569795,0.5,0.117
1642382,branden_carlson,Branden Carlson,okc,C,C,84.0,False,120.185,368.0183333333333,27.0,42,488.2033333333333,98,186,31,86,15,26,29,95,124,29,16,8,27,36,242,0.185,0.057,0.36,0.577,213.44,11.623888888888889,27.417131267690458,0.67,0.36,0.577,0.6590948095511634,0.36037979553699023,0.6341265444921448,0.07496251874062969,0.031263039476086676,0.057,0.01693828708188501,0.006947342105797039,0.02344727960706501,0.6876513157894737,0.5,0.185
1631288,jamal_cain,Jamal Cain,orl,F,SF,79.0,False,31.685,454.28333333333336,27.0,40,485.9683333333333,74,152,28,73,39,46,28,50,78,29,19,11,4,53,215,0.159,0.055,0.384,0.848,191.24,12.149208333333332,28.656196119692865,0.5822784810126582,0.384,0.848,0.5786565061868312,0.3806802454403742,0.8362242071735216,0.0993516000836645,0.0462378186715942,0.055,0.018512751845047175,0.00959652840353842,0.003489646692195789,0.6938722039473685,0.5,0.159
1642353,cam_christie,Cam Christie,lac,G,SG,77.0,False,0.0,479.75,20.0,55,479.75,53,139,12,49,38,50,19,59,78,31,22,16,3,19,156,0.168,0.044,0.245,0.76,183.0,8.722727272727273,20.574195171224442,0.45555555555555555,0.245,0.76,0.4650042905062797,0.26434678595849254,0.7638092600286203,0.12021857923497267,0.016790671157708582,0.044,0.014251754838420306,0.014139512553859859,0.0026511586038487234,0.6532954545454546,0.5,0.168
1629680,matisse_thybulle,Matisse Thybulle,por,G-F,SG,77.0,False,0.0,479.65,29.0,30,479.65,58,134,37,93,21,25,17,42,59,27,28,60,16,43,174,0.144,0.033,0.398,0.84,173.0,15.988333333333333,37.71149551942187,0.5121951219512195,0.398,0.84,0.5196162558946662,0.3941403919568064,0.8236730171919203,0.16184971098265896,0.0380078624194352,0.033,0.023124164438502674,0.05303422663177005,0.01414246043513868,0.7393355263157895,0.5,0.144
1631110,jeremy_sochan,Jeremy Sochan,nyk,F,PF,80.0,False,0.0,468.5516666666667,23.0,44,468.5516666666667,64,129,11,45,19,26,37,70,107,40,21,17,7,62,158,0.141,0.076,0.244,0.731,161.44,10.648901515151515,25.1174399108976,0.6309523809523809,0.244,0.731,0.6223449899002975,0.26539018857365565,0.7452376556032559,0.1300792864222002,0.05610010073039143,0.076,0.022050123695815854,0.015382285684139584,0.006333882340528064,0.6761054126794259,0.5003100775193798,0.141
1628467,maxi_kleber,Maxi Kleber,lal,F,PF,82.0,False,20.716666666666665,440.29333333333335,34.0,43,461.01,33,73,6,26,14,26,36,48,84,27,17,18,11,60,86,0.092,0.084,0.231,0.538,101.44,10.721162790697674,25.287881739459255,0.574468085106383,0.231,0.538,0.5701829658004908,0.2665683436541961,0.606348766714367,0.16758675078864355,0.05517855752354289,0.084,0.015210431580538345,0.01655356725706287,0.010116068879316197,0.6769611383108936,0.5219178082191781,0.092
1631204,marcus_sasser,Marcus Sasser,det,G,PG,73.0,False,113.01666666666668,343.4866666666667,25.0,38,456.5033333333333,69,177,44,106,15,18,7,32,39,75,31,20,4,41,197,0.197,0.016,0.415,0.833,215.92,12.013245614035085,28.335502438073505,0.352112676056338,0.415,0.833,0.3765485067978762,0.41031431354785397,0.8153055572041862,0.143571693219711,0.038077580264513175,0.016,0.04744564965823703,0.0185744293973235,0.0037148858794646997,0.6922621191135734,0.484406779661017,0.197
1642358,aj_johnson,AJ Johnson,dal,G,SG,77.0,False,0.0,453.4333333333333,21.0,48,453.4333333333333,57,176,12,57,34,40,14,41,55,47,30,11,3,30,160,0.195,0.027,0.211,0.85,223.6,9.446527777777776,22.281414987955433,0.37815126050420167,0.211,0.85,0.3914761941909145,0.23278299062016508,0.8365711120343442,0.13416815742397137,0.028050283177161482,0.027,0.024078169709237672,0.010285103831625876,0.0028050283177161483,0.6618667763157895,0.48818181818181816,0.195
203992,bogdan_bogdanovic,Bogdan Bogdanović,lac,G,SG,77.0,False,57.45,394.61,33.0,23,452.06,59,152,33,95,20,25,6,53,59,51,27,10,3,46,171,0.185,0.014,0.347,0.8,190.0,19.65478260869565,46.359506699658304,0.45614035087719296,0.347,0.8,0.47015565747205934,0.3485377178242958,0.7951015886204917,0.14210526315789473,0.04314109753059001,0.014,0.05843393695506371,0.00937849946317174,0.0028135498389515227,0.7827540045766591,0.5089473684210526,0.185
1628396,tony_bradley,Tony Bradley,atl,C-F,C,82.0,False,77.215,373.4716666666667,28.0,41,450.68666666666667,64,117,2,4,32,43,60,56,116,22,18,6,7,62,162,0.136,0.111,0.5,0.744,153.92000000000002,10.992357723577236,25.927546067376124,0.5486725663716814,0.5,0.744,0.5487839760213656,0.39974716939650434,0.7514821811644757,0.11694386694386694,0.05832388140480331,0.111,0.012764722947490573,0.005644246587561611,0.006584954352155213,0.6801726572528883,0.5,0.136
1626204,larry_nance_jr,Larry Nance Jr.,cle,F-C,PF,78.0,False,62.80833333333333,385.9616666666666,33.0,35,448.77,52,124,21,63,6,13,29,64,93,34,20,21,6,55,131,0.137,0.058,0.333,0.462,149.72,12.822,30.24310198373984,0.5081967213114754,0.333,0.462,0.5140905500088446,0.33693781330891864,0.6012415479007485,0.1335826876836762,0.05195990055099003,0.058,0.023208963921216057,0.019839234755832557,0.005668352787380731,0.7018394736842105,0.5,0.137
1631131,oscar_tshiebwe,Oscar Tshiebwe,uta,F-C,C,80.0,False,134.27,314.15,26.0,27,448.42,92,145,0,0,27,49,77,102,179,32,21,16,5,39,211,0.162,0.151,0.0,0.551,187.56,16.60814814814815,39.17344550035131,0.6344827586206897,0.0,0.551,0.6290350261330837,0.35964603715510607,0.5903145017240206,0.11196417146513116,0.03687305076168218,0.151,0.030279601657069662,0.015127405440690125,0.004727314200215664,0.7466754385964913,0.5146206896551724,0.162
203926,doug_mcdermott,Doug McDermott,sac,F,SF,79.0,False,0.0,439.1983333333333,34.0,29,439.1983333333333,54,139,48,123,8,9,7,30,37,22,13,6,4,28,164,0.146,0.014,0.39,0.889,155.96,15.144770114942528,35.72179278634396,0.375,0.39,0.889,0.44232419425492214,0.3879433110642937,0.8330818737745902,0.08335470633495767,0.027028801358156267,0.014,0.019109359772890976,0.0057918860053191995,0.0038612573368794665,0.7293459618874774,0.49338129496402877,0.146
1641778,leaky_black,Leaky Black,was,F,SF,78.0,True,313.92333333333335,119.15333333333334,27.0,15,433.07666666666665,40,103,19,55,7,8,15,60,75,22,14,18,8,40,106,0.113,0.032,0.345,0.875,120.52,28.871777777777776,68.09952579825355,0.4375,0.345,0.875,0.4569039491487582,0.34763785187001633,0.8238086445398453,0.11616329239960173,0.039158373504196334,0.032,0.037474034067303694,0.01762126807688835,0.007831674700839267,0.8919026315789473,0.5267961165048544,0.113
1641763,julian_phillips,Julian Phillips,min,F,SF,78.0,False,50.98333333333333,376.03333333333336,22.0,48,427.01666666666665,51,121,20,65,18,23,23,26,49,10,11,22,7,43,140,0.134,0.053,0.308,0.783,142.12,8.896180555555555,20.983317408160193,0.5535714285714286,0.308,0.783,0.5530368037973935,0.3146194716206808,0.7826835030823398,0.07739938080495355,0.042692645586391076,0.053,0.005012899045103865,0.021842748904665202,0.006949965560575292,0.6553495065789474,0.5,0.134
1629021,moritz_wagner,Moritz Wagner,orl,F-C,C,83.0,False,0.0,426.595,29.0,36,426.595,83,195,22,70,59,72,27,88,115,27,19,15,2,58,247,0.237,0.056,0.314,0.819,245.68,11.849861111111112,27.950129314965377,0.488,0.314,0.819,0.4925957707453924,0.31995575464438825,0.8149823853867952,0.07733637251709541,0.05764234909097439,0.056,0.019376520628030316,0.014907504075251998,0.0019876672100335997,0.690327302631579,0.5,0.237
1630167,obi_toppin,Obi Toppin,ind,F,PF,81.0,False,34.35,389.375,28.0,24,423.725,100,199,37,105,42,46,13,93,106,55,28,12,1,28,279,0.241,0.03,0.352,0.913,247.24,17.655208333333334,41.64313415763325,0.6702127659574468,0.352,0.913,0.6586579716406535,0.3530126988830527,0.8897956357449502,0.11325028312570781,0.02801582278246497,0.03,0.06254854099633861,0.012006781192484986,0.0010005650993737487,0.7590748355263158,0.5592964824120603,0.241
1642949,yanic_konan_niederhauser,Yanic Konan Niederhäuser,lac,C,C,83.0,False,0.0,423.6783333333333,23.0,41,423.6783333333333,64,100,1,5,47,62,37,80,117,12,23,5,30,66,176,0.153,0.096,0.2,0.758,150.28,10.33361788617886,24.373784089276665,0.6631578947368421,0.2,0.758,0.6523850385774093,0.30643069143673735,0.7615077166905169,0.15304764439712537,0.06604457033281072,0.096,0.007514088916718847,0.005003376540364449,0.03002025924218669,0.6723717907573813,0.4744,0.153
1642863,khaman_maluach,Khaman Maluach,phx,C,C,85.0,False,30.2,380.825,19.0,46,411.025,56,105,5,21,22,31,49,84,133,6,25,5,33,43,139,0.142,0.107,0.238,0.71,143.64,8.935326086956522,21.075649516908214,0.6071428571428571,0.238,0.71,0.6010683941556167,0.27730517327584064,0.7275257463833467,0.17404622667780564,0.04435367972625046,0.107,0.003278688524590164,0.005157404619331449,0.03403887048758756,0.6558130720823799,0.4786666666666667,0.142
1642066,myron_gardner,Myron Gardner,mia,F,SF,77.0,False,146.66333333333333,263.84166666666664,25.0,45,410.505,59,123,26,64,19,26,39,83,122,44,17,20,8,78,163,0.139,0.079,0.406,0.731,151.44,9.122333333333334,21.516741329719967,0.559322033898305,0.406,0.731,0.5579772326177966,0.39995216718312243,0.7452376556032559,0.11225567881669309,0.0805574276686205,0.079,0.023076135898485468,0.020655750684261665,0.008262300273704667,0.6580276315789474,0.5,0.139
1641748,andre_jackson_jr,Andre Jackson Jr.,mil,G,SG,78.0,False,33.15,374.9583333333333,24.0,48,408.10833333333335,39,119,15,60,20,32,25,47,72,43,31,19,4,43,113,0.17,0.059,0.25,0.625,164.08,8.502256944444445,20.054174377070165,0.4067796610169492,0.25,0.625,0.42754245000910107,0.2656637195935866,0.6625846571837432,0.18893222818137492,0.04467066639041617,0.059,0.022406934329761954,0.019738201428323422,0.004155410827015457,0.6506846217105264,0.5,0.17
1630165,killian_hayes,Killian Hayes,sac,G,PG,76.0,False,81.46666666666667,324.06,24.0,23,405.5266666666666,42,138,17,63,26,28,4,50,54,81,28,21,4,36,127,0.179,0.009,0.27,0.929,178.32,17.631594202898548,41.587435783354934,0.3333333333333333,0.27,0.929,0.35882857706621146,0.28214329276097344,0.8902251474136108,0.15702108568864961,0.037636785289147705,0.009,0.08863090472377903,0.021954791418669493,0.004181865032127523,0.7587951945080091,0.4756521739130435,0.179
1630256,jaesean_tate,Jae'Sean Tate,hou,F,SF,76.0,False,26.216666666666665,378.50666666666666,30.0,46,404.72333333333336,56,109,10,32,7,11,33,40,73,25,16,10,3,48,129,0.131,0.076,0.313,0.636,129.84,8.798333333333334,20.752526305329724,0.5974025974025974,0.313,0.636,0.5919589546049192,0.3237252469416919,0.7061216953198673,0.12322858903265557,0.05028198714300996,0.076,0.013018683398320907,0.010475413988127076,0.0031426241964381224,0.6541907894736843,0.5388990825688074,0.131
1642882,julian_reese,Julian Reese,was,F,PF,81.0,True,347.15,54.35,23.0,13,401.5,63,119,0,0,28,44,55,82,137,24,32,18,8,42,154,0.173,0.133,0.0,0.636,170.36,30.884615384615383,72.84718240567021,0.5294117647058824,0.0,0.636,0.5310110779118448,0.35964603715510607,0.6634917704021706,0.1878375205447288,0.04434995457721035,0.133,0.04995177420173613,0.019007123390233006,0.008447610395659114,0.9157388663967612,0.4788235294117647,0.173
1627749,dejounte_murray,Dejounte Murray,nop,G,PG,76.0,True,389.4166666666667,0.0,29.0,14,389.4166666666667,88,182,19,62,39,45,4,71,75,89,47,23,3,33,234,0.267,0.011,0.306,0.867,248.8,27.815476190476193,65.60803955349078,0.575,0.306,0.867,0.573080223466369,0.31383972738265364,0.8514282836675857,0.18890675241157556,0.03592765266550998,0.011,0.17733391650872332,0.025040485191113012,0.0032661502423190886,0.8793937969924813,0.4085714285714286,0.267
1629027,trae_young,Trae Young,was,G,PG,74.0,True,383.7533333333333,0.0,27.0,15,383.7533333333333,81,177,27,80,80,97,4,26,30,120,39,13,2,33,269,0.262,0.009,0.338,0.825,258.68,25.583555555555552,60.34363436073472,0.5567010309278351,0.338,0.825,0.5560787761740932,0.3399606707950118,0.8208276224459553,0.15076542446265656,0.036457863754913784,0.009,0.21975077046764036,0.014362188751935732,0.002209567500297805,0.8529631578947369,0.4152542372881356,0.262
1630623,tyson_etienne,Tyson Etienne,bkn,G,PG,72.0,False,71.31666666666666,308.7,26.0,24,380.01666666666665,58,145,43,108,30,36,5,22,27,40,16,11,0,47,189,0.198,0.013,0.398,0.833,176.84,15.834027777777777,37.3475368036736,0.40540540540540543,0.398,0.833,0.43617934150272286,0.3948852573860259,0.8223599043851568,0.09047726758651889,0.052435408086690914,0.013,0.047572083309160525,0.01227211678624681,0.0,0.7375082236842105,0.556,0.198
1642355,bronny_james,Bronny James,lal,G,SG,74.0,False,9.9,365.5916666666666,21.0,42,375.4916666666667,47,115,22,57,6,7,5,18,23,51,25,19,4,28,122,0.163,0.014,0.386,0.857,143.07999999999998,8.940277777777778,21.087329012345684,0.43103448275862066,0.386,0.857,0.4485357213327643,0.3820367219634487,0.8134444471598361,0.174727425216662,0.03161456181939226,0.014,0.029667569983399783,0.02145273837744475,0.004516365974198895,0.6558717105263159,0.4836521739130435,0.163
1641733,nick_smith_jr,Nick Smith Jr.,lal,G,SG,74.0,False,28.2,346.6766666666667,22.0,30,374.87666666666667,70,161,34,86,11,15,3,20,23,31,21,9,2,28,185,0.212,0.009,0.395,0.733,188.6,12.495888888888889,29.473907506172843,0.48,0.395,0.733,0.4882403417720938,0.39162979553699023,0.7531422240686885,0.11134676564156946,0.031666426758578295,0.009,0.026018423746161725,0.010178494315257308,0.0022618876256127354,0.6979776315789474,0.4826086956521739,0.212
1626166,cameron_payne,Cameron Payne,phi,X,PG,,False,27.58333333333333,346.75333333333333,31.0,22,374.3366666666666,56,149,32,97,19,22,3,41,44,58,11,24,7,30,163,0.183,0.007,0.33,0.864,169.68,17.015303030303027,40.13379697626673,0.46153846153846156,0.33,0.864,0.4758133717843222,0.3326771997341221,0.8383923625536629,0.06482791136256483,0.033977257732248835,0.007,0.06727776834719629,0.027181806185799066,0.007928026804191395,0.751497009569378,0.5,0.183
1642862,liam_mcneeley,Liam McNeeley,cha,F,SF,79.0,False,0.0,367.52166666666665,20.0,31,367.52166666666665,38,95,24,60,32,39,13,60,73,24,13,5,3,36,132,0.144,0.034,0.4,0.821,125.16,11.855537634408602,27.96351846431798,0.4,0.4,0.821,0.43334286779173276,0.39423514816501515,0.8128276653411676,0.10386705017577501,0.04152876270067644,0.034,0.019494606294142704,0.005767883708427282,0.0034607302250563693,0.6903945246179967,0.5,0.144
1631104,blake_wesley,Blake Wesley,por,G,SG,76.0,False,0.0,360.8183333333333,23.0,31,360.8183333333333,56,124,10,36,26,47,8,31,39,62,31,16,5,34,148,0.189,0.02,0.278,0.553,175.68,11.639301075268817,27.45348381210479,0.5227272727272727,0.278,0.553,0.525514582149265,0.2955752254685013,0.5934834316090739,0.17645719489981784,0.03995027374503186,0.02,0.05122005279171452,0.01880012882119146,0.005875040256622332,0.6878338285229202,0.5,0.189
1630526,jeremiah_robinson_earl,Jeremiah Robinson-Earl,dal,X,PF,,False,79.44,281.175,25.0,22,360.615,37,100,10,41,17,18,36,67,103,15,12,9,1,26,101,0.129,0.088,0.244,0.944,119.92,16.391590909090908,38.66265446415374,0.4576271186440678,0.244,0.944,0.47102071087866626,0.2665972621872757,0.8867341286327576,0.1000667111407605,0.030567435117883852,0.088,0.01697254036152891,0.01058103523311364,0.0011756705814570713,0.7441109449760765,0.4852,0.129
203482,kelly_olynyk,Kelly Olynyk,sas,F-C,C,84.0,False,0.0,360.2133333333333,35.0,42,360.2133333333333,47,96,12,47,27,38,24,52,76,49,24,15,3,39,133,0.16,0.063,0.255,0.711,136.72,8.576507936507936,20.229309326794855,0.7142857142857143,0.255,0.711,0.6864479500106436,0.27362211178159757,0.7255949083691086,0.17554125219426564,0.04590228037798026,0.063,0.02756775300171527,0.017654723222300103,0.00353094464446002,0.6465639097744361,0.5204166666666666,0.16
1641869,malachi_smith,Malachi Smith,bkn,G,SG,76.0,False,155.83333333333334,202.98666666666668,26.0,15,358.82,48,99,20,46,8,8,12,39,51,49,14,12,4,13,124,0.136,0.032,0.435,1.0,116.52,23.921333333333333,56.42297017524842,0.5283018867924528,0.435,1.0,0.5317528420734599,0.4213653637776975,0.8793642000954008,0.1201510470305527,0.015360174481683973,0.032,0.09537373305798856,0.014178622598477514,0.004726207532825838,0.8332789473684211,0.5024242424242424,0.136
1631132,christian_koloko,Christian Koloko,atl,C,C,83.0,False,78.01166666666667,278.6566666666667,26.0,27,356.6683333333333,31,74,1,9,10,15,31,50,81,18,16,14,23,48,73,0.109,0.08,0.111,0.667,96.6,13.209938271604937,31.158127464284522,0.46153846153846156,0.111,0.667,0.47333905400837295,0.24191896692374004,0.7131422240686885,0.16563146997929606,0.057056630884368215,0.08,0.015704967919730164,0.016641517341274063,0.027339635632093105,0.7064334795321637,0.5,0.109
1631113,kennedy_chandler,Kennedy Chandler,uta,X,PG,,False,81.3,273.9266666666667,23.0,11,355.2266666666667,61,137,15,38,28,43,6,31,37,74,23,11,2,23,165,0.195,0.015,0.395,0.651,178.92000000000002,32.29333333333334,76.16990901535684,0.46464646464646464,0.395,0.651,0.47248100046447683,0.3874262577406471,0.6760104830512682,0.12854907221104403,0.027450591945535036,0.015,0.18180183959013693,0.013128543973951539,0.0023870079952639164,0.932421052631579,0.4287591240875912,0.195
1641715,cam_whitmore,Cam Whitmore,was,F,SF,78.0,False,0.0,353.9833333333333,21.0,21,353.9833333333333,77,169,16,56,23,31,19,39,58,15,18,15,8,25,193,0.225,0.049,0.286,0.742,200.64,16.856349206349204,39.75887444401428,0.5398230088495575,0.286,0.742,0.5406538947205526,0.2969160662356221,0.7519159902857857,0.08971291866028709,0.029942401718452503,0.049,0.018728872917745224,0.0179654410310715,0.0095815685499048,0.7496146616541354,0.5035502958579882,0.225
1630604,ej_liddell,E.J. Liddell,bkn,F,PF,78.0,False,146.46666666666667,202.72333333333333,25.0,26,349.19,54,111,18,52,21,26,14,55,69,24,15,6,10,45,147,0.168,0.039,0.346,0.808,137.44,13.430384615384614,31.678091686470715,0.6101694915254238,0.346,0.808,0.6014554934873619,0.34833000599275904,0.8007932111588114,0.10913853317811409,0.054636158260392274,0.039,0.026094566283911005,0.007284821101385637,0.012141368502309395,0.709044028340081,0.5410810810810811,0.168
1642964,brooks_barnhizer,Brooks Barnhizer,okc,G,SG,77.0,False,0.0,347.88166666666666,24.0,40,347.88166666666666,27,71,7,24,7,10,19,59,78,22,10,11,5,27,68,0.103,0.049,0.292,0.7,85.4,8.697041666666667,20.513610831526652,0.425531914893617,0.292,0.7,0.44737594825663113,0.3116605991632665,0.7414277800858607,0.11709601873536299,0.03290498223562943,0.049,0.012964799563048884,0.013405733503404585,0.0060935152288202656,0.6529912828947368,0.5,0.103
1643052,chaney_johnson,Chaney Johnson,bkn,G-F,SF,79.0,False,21.3,326.28333333333336,24.0,17,347.5833333333333,51,94,9,30,28,35,33,46,79,36,20,15,9,51,139,0.16,0.096,0.3,0.8,129.4,20.44607843137255,48.22592693554387,0.65625,0.3,0.8,0.6418976898733509,0.31491150928877654,0.7961901244826047,0.1545595054095827,0.06220720244547369,0.096,0.061467985424258194,0.018296236013374614,0.010977741608024769,0.792124613003096,0.4348936170212766,0.16
1630587,isaiah_livers,Isaiah Livers,phx,F,PF,78.0,False,0.0,347.36,27.0,36,347.36,22,64,12,40,9,12,19,42,61,21,12,13,8,28,65,0.094,0.05,0.3,0.75,81.28,9.648888888888889,22.758721782595607,0.4166666666666667,0.3,0.75,0.4558949720772934,0.3119292074310212,0.7649343455326005,0.14763779527559054,0.03417493237131497,0.05,0.014442916093535077,0.01586693288668195,0.009764266391804277,0.6642631578947369,0.5,0.094
1642950,lachlan_olbrich,Lachlan Olbrich,chi,C,C,80.0,False,62.23,281.9916666666667,22.0,37,344.2216666666667,36,77,2,19,15,40,45,67,112,42,16,12,8,49,89,0.125,0.112,0.105,0.375,110.6,9.30328828828829,21.943557673283046,0.5862068965517241,0.105,0.375,0.5808886625092349,0.19298139212245036,0.45657111203434425,0.14466546112115733,0.060351395340817036,0.112,0.027407289511379915,0.014779933552853152,0.009853289035235436,0.660170519203414,0.5,0.125
1629660,ty_jerome,Ty Jerome,mem,G-F,SG,77.0,True,338.68833333333333,0.0,28.0,15,338.68833333333333,102,215,42,100,49,56,11,31,42,85,27,16,4,31,295,0.332,0.035,0.42,0.875,266.64,22.57922222222222,53.25734833724782,0.5217391304347826,0.42,0.875,0.5240034324050238,0.41451327610500965,0.8610387212381396,0.10126012601260126,0.03880528661659361,0.035,0.16405404133126206,0.02002853502791928,0.00500713375697982,0.8173855263157894,0.4830697674418605,0.332
1631199,ron_harper_jr,Ron Harper Jr.,bos,G-F,SF,77.0,False,100.22833333333334,217.29833333333332,26.0,29,317.52666666666664,46,110,28,80,3,4,15,33,48,22,8,10,9,20,123,0.158,0.043,0.35,0.75,119.76,10.94919540229885,25.825739603152353,0.6,0.35,0.75,0.5875107262656993,0.35107178190612287,0.7734682572655153,0.0668002672010688,0.026704178970720055,0.043,0.018703603865134987,0.013352089485360027,0.012016880536824023,0.6796615245009074,0.5,0.158
1642866,joan_beringer,Joan Beringer,min,F,PF,83.0,False,73.79666666666667,240.335,19.0,40,314.13166666666666,65,98,0,0,26,37,45,47,92,12,11,7,26,47,156,0.156,0.141,0.0,0.703,125.28,7.853291666666666,18.52346753884372,0.6632653061224489,0.0,0.703,0.6527817504687775,0.35964603715510607,0.7197565021641961,0.08780332056194125,0.06343304770211217,0.141,0.00731761731241169,0.009447475189676278,0.035090622133083324,0.6429995065789474,0.47346938775510206,0.156
1641771,jalen_slawson,Jalen Slawson,ind,F,SF,79.0,True,168.46,142.09,26.0,13,310.55,34,77,15,40,12,17,7,50,57,36,17,20,14,27,95,0.136,0.022,0.375,0.706,101.48,23.888461538461538,56.34543585574318,0.5135135135135135,0.375,0.706,0.5212857244814463,0.3719292074310212,0.7343909482117487,0.16752069373275522,0.03686053795449308,0.022,0.07251289609432571,0.027304102188513396,0.019112871531959376,0.8328896761133604,0.5,0.136
1626172,kevon_looney,Kevon Looney,nop,F,C,81.0,False,135.51666666666668,171.97,30.0,21,307.4866666666667,25,60,2,13,7,10,48,70,118,34,9,9,10,34,59,0.096,0.132,0.154,0.7,73.4,14.642222222222223,34.53643892803373,0.48936170212765956,0.154,0.7,0.5000075272039995,0.2433243639804809,0.7414277800858607,0.12261580381471389,0.04687940243119317,0.132,0.03954329480178711,0.012409253584727603,0.013788059538586226,0.7233947368421053,0.5,0.096
1631174,tyler_burton,Tyler Burton,mem,X,SF,,False,0.0,306.74333333333334,26.0,12,306.74333333333334,42,112,22,66,23,27,8,42,50,12,11,11,4,31,129,0.18,0.023,0.333,0.852,134.88,25.561944444444446,60.29266048479375,0.43478260869565216,0.333,0.852,0.45536480447549954,0.3367955312046192,0.8332042054518165,0.08155397390272835,0.04284656395258705,0.023,0.0264260393167902,0.015203619467047015,0.005528588897108006,0.8527072368421054,0.485,0.18
1642905,hansen_yang,Yang Hansen,por,C,C,85.0,False,19.216666666666665,280.6766666666667,21.0,43,299.8933333333333,31,100,5,42,28,34,20,46,66,22,32,3,10,43,95,0.196,0.063,0.119,0.824,146.96,6.974263565891473,16.450114200962165,0.4482758620689655,0.119,0.824,0.4632416036857055,0.16531654560675116,0.8142853545844821,0.21774632553075665,0.060789851534374766,0.063,0.012748395850411286,0.004241152432630797,0.014137174775435992,0.6325899632802938,0.5,0.196
1626192,pat_connaughton,Pat Connaughton,cha,G,SG,77.0,False,0.0,296.5183333333333,33.0,42,296.5183333333333,38,85,21,52,13,20,15,46,61,18,11,11,1,9,110,0.15,0.047,0.404,0.65,104.8,7.059960317460317,16.652246130253367,0.5151515151515151,0.404,0.65,0.5232657918750692,0.3967171027669526,0.694285186723907,0.10496183206106871,0.012868276904483509,0.047,0.010705116117147043,0.015727893994368733,0.001429808544942612,0.6336047932330827,0.5,0.15
1643018,lj_cryer,LJ Cryer,gsw,G,PG,72.0,False,23.485,268.6616666666667,24.0,18,292.14666666666665,47,117,37,94,17,19,4,24,28,18,14,3,0,28,148,0.196,0.014,0.394,0.895,139.36,16.23037037037037,38.28238545819533,0.43478260869565216,0.394,0.895,0.46970997123115077,0.3903505804956833,0.8561570897143866,0.10045924225028702,0.04063371540036957,0.014,0.026090645549034862,0.004353612364325311,0.0,0.7422017543859649,0.4917948717948718,0.196
1629622,max_strus,Max Strus,cle,G-F,SF,77.0,False,123.38333333333334,164.91166666666666,30.0,12,288.295,47,106,33,82,7,9,9,56,65,24,9,3,0,34,134,0.17,0.031,0.402,0.778,118.96,24.024583333333336,56.66650474706415,0.5833333333333334,0.402,0.778,0.5735420309008228,0.3977876127342507,0.7804502948272218,0.07565568258238063,0.050000142870645754,0.031,0.0507294942516884,0.0044117773121158015,0.0,0.8345016447368422,0.5713207547169812,0.17
1642396,blake_hinson,Blake Hinson,uta,F,SF,80.0,False,76.63333333333334,208.8,26.0,14,285.43333333333334,59,115,37,79,12,16,11,22,33,16,5,5,2,24,167,0.175,0.035,0.468,0.75,127.04,20.38809523809524,48.08916265324559,0.6111111111111112,0.468,0.75,0.5978354141440864,0.456140004174731,0.7626367539122005,0.03935768261964735,0.035648067458500764,0.035,0.029812761316124342,0.0074266807205209924,0.002970672288208397,0.7914379699248121,0.5389565217391304,0.175
1630322,lindy_waters_iii,Lindy Waters III,sas,F,SG,77.0,False,0.0,284.6766666666667,28.0,40,284.6766666666667,33,88,27,79,2,3,3,26,29,19,7,6,1,24,95,0.141,0.01,0.342,0.667,96.32,7.116916666666667,16.78658840740741,0.6666666666666666,0.342,0.667,0.6052857395067356,0.34378045361293325,0.7560427385936319,0.07267441860465117,0.0357428195317661,0.01,0.011146565169487888,0.008935704882941525,0.001489284147156921,0.6342792763157895,0.5,0.141
1641744,zach_edey,Zach Edey,mem,C,C,87.0,True,283.8516666666667,0.0,24.0,11,283.8516666666667,62,98,1,5,25,32,43,79,122,12,26,7,21,37,150,0.2,0.148,0.2,0.781,138.07999999999998,25.804696969696973,60.86523803728342,0.6559139784946236,0.2,0.781,0.6456352335012424,0.30643069143673735,0.7816322762313622,0.18829663962920049,0.05526366892011406,0.148,0.030553313047258276,0.010455288714616174,0.03136586614384852,0.8555819377990431,0.5122448979591836,0.2
1629162,jordan_mclaughlin,Jordan McLaughlin,sas,G,PG,71.0,False,0.0,281.6166666666667,30.0,44,281.6166666666667,33,79,17,40,6,7,7,25,32,38,15,20,2,11,89,0.143,0.024,0.425,0.857,97.08,6.400378787878788,15.096498862609842,0.41025641025641024,0.425,0.857,0.4387842663393464,0.41192920743102124,0.8134444471598361,0.15451174289245984,0.016560131079079925,0.024,0.02023087610860786,0.030109329234690774,0.0030109329234690777,0.6257939593301436,0.5,0.143
1642352,keshad_johnson,Keshad Johnson,mia,F,SF,78.0,False,0.0,279.52166666666665,25.0,32,279.52166666666665,51,104,13,44,21,29,26,36,62,8,13,15,8,28,136,0.171,0.08,0.295,0.724,129.76,8.735052083333333,20.603265558378503,0.6333333333333333,0.295,0.724,0.6214347007232567,0.30734185873242703,0.7391937333773644,0.10018495684340321,0.04246899587449978,0.08,0.005939769290668405,0.022751247789910594,0.01213399882128565,0.65344140625,0.5,0.171
1642502,malevy_leons,Malevy Leons,gsw,F,SF,81.0,False,40.626666666666665,235.845,26.0,25,276.4716666666667,32,72,4,16,15,19,30,23,53,23,13,14,9,31,83,0.137,0.106,0.25,0.789,93.36,11.058866666666667,26.0844199364047,0.5,0.25,0.789,0.5075822583428481,0.2921715527519639,0.7871915724730073,0.13924592973436162,0.047537955723117115,0.106,0.023197746645182718,0.021468754197536764,0.013801341984130775,0.6809602631578948,0.4822222222222222,0.137
1631103,malaki_branham,Malaki Branham,was,X,SG,,False,0.0,275.4783333333333,23.0,28,275.4783333333333,43,91,14,37,28,34,12,32,44,23,15,10,3,21,128,0.177,0.039,0.378,0.824,120.96000000000001,9.838511904761903,23.205983380436184,0.5370370370370371,0.378,0.824,0.5390692039160621,0.3743927738627885,0.8142853545844821,0.1240079365079365,0.03231925093216639,0.039,0.020398451188647818,0.015390119491507807,0.004617035847452342,0.6665086936090225,0.5,0.177
1642504,cormac_ryan,Cormac Ryan,mil,G,SG,77.0,False,72.21666666666667,198.46166666666667,27.0,11,270.67833333333334,53,102,27,59,24,26,8,20,28,19,17,11,3,27,157,0.206,0.032,0.458,0.923,130.44,24.607121212121214,58.040530053379335,0.6046511627906976,0.458,0.923,0.5943477179363769,0.44342696190653713,0.8841265444921448,0.130328120208525,0.04229019707931737,0.032,0.04801380628062499,0.017229339550833,0.004698910786590818,0.8414001196172249,0.4584313725490196,0.206
1642404,chaz_lanier,Chaz Lanier,det,G,SG,75.0,False,0.0,262.005,24.0,34,262.005,28,89,19,67,5,6,8,15,23,17,3,7,0,12,80,0.147,0.029,0.284,0.833,94.64,7.706029411764706,18.176121774270687,0.4090909090909091,0.284,0.833,0.4531384078321242,0.29346052430585795,0.8017847251073259,0.03169907016060862,0.019417848364671288,0.029,0.011739540524152799,0.011327078212724917,0.0,0.6412556114551085,0.5,0.147
1641871,duop_reath,Duop Reath,por,X,C,,False,0.0,258.17,30.0,32,258.17,33,74,23,55,5,6,10,28,38,10,7,5,8,28,94,0.13,0.037,0.418,0.833,83.64,8.0678125,19.02945532859079,0.5263157894736842,0.418,0.833,0.5344975534699302,0.4091763134084779,0.8017847251073259,0.08369201339072214,0.045981347594608084,0.037,0.00784734051715888,0.008210954927608587,0.013137527884173737,0.6455398848684211,0.5,0.13
1642354,kj_simpson,KJ Simpson,den,G,PG,74.0,False,54.60166666666667,203.00833333333333,23.0,20,257.61,34,99,12,40,11,18,9,28,37,43,25,16,0,18,91,0.21,0.034,0.3,0.611,131.92000000000002,12.880500000000001,30.38108525203253,0.3728813559322034,0.3,0.611,0.3985569427627243,0.3119292074310212,0.6724484143470433,0.18950879320800482,0.02962369489219576,0.034,0.05139042733049612,0.026332173237507344,0.0,0.7025322368421053,0.5,0.21
1642967,john_poulakidas,John Poulakidas,dal,G,SG,78.0,False,0.0,253.435,23.0,13,253.435,39,91,31,77,6,7,4,26,30,11,4,7,4,28,115,0.153,0.014,0.403,0.857,98.08,19.495,45.98262932249323,0.5714285714285714,0.403,0.857,0.562517877109499,0.3976604640408168,0.8134444471598361,0.040783034257748776,0.0468404305186733,0.014,0.021777970930513306,0.011710107629668325,0.006691490074096186,0.7808618421052632,0.5,0.153
1642367,jonathan_mogbo,Jonathan Mogbo,tor,F,PF,81.0,False,0.0,248.89666666666668,24.0,40,248.89666666666668,26,44,0,1,9,14,19,49,68,25,14,11,8,26,61,0.102,0.071,0.0,0.643,64.16,6.222416666666667,14.676741681120145,0.6046511627906976,0.0,0.643,0.5943477179363769,0.32695094286827825,0.7011898167382172,0.21820448877805487,0.04428775910365354,0.071,0.014890896940465467,0.01873712885154573,0.013627002801124166,0.6236865131578948,0.5,0.102
1642380,adama_bal,Adama Bal,mem,X,SG,,False,38.48333333333333,202.83166666666668,22.0,8,241.315,28,68,18,44,9,10,6,19,25,19,6,9,1,27,83,0.134,0.022,0.409,0.9,78.4,30.164375,71.14835980352304,0.4166666666666667,0.409,0.9,0.4558949720772934,0.39993445132501965,0.8414277800858606,0.07653061224489795,0.047436090014163344,0.022,0.06276184337737672,0.015812030004721117,0.0017568922227467908,0.9072097039473686,0.5235294117647059,0.134
1631466,nate_williams,Nate Williams,gsw,G,SG,77.0,False,81.11666666666666,158.05333333333334,27.0,14,239.17,43,88,13,30,13,15,20,10,30,14,15,5,0,26,112,0.192,0.079,0.433,0.867,109.6,17.083571428571428,40.294820851722804,0.5172413793103449,0.433,0.867,0.5220651330974702,0.4149115092887765,0.8331422240686885,0.13686131386861314,0.046088872413077256,0.079,0.026407802723592198,0.008863244694822548,0.0,0.7523054511278195,0.5,0.192
1631166,drew_timme,Drew Timme,lal,F,PF,81.0,False,26.53333333333333,208.54833333333332,25.0,27,235.08166666666668,38,66,11,25,5,9,10,23,33,23,13,6,0,20,92,0.155,0.047,0.44,0.556,82.96,8.70672839506173,20.53645880491151,0.6585365853658537,0.44,0.556,0.6372633147181955,0.41704172490145885,0.675187136932485,0.15670202507232403,0.0360695457662635,0.047,0.020960213380751276,0.01082086372987905,0.0,0.6531059941520468,0.5,0.155
1630610,dejon_jarreau,DeJon Jarreau,mem,X,SG,,False,0.0,230.7333333333333,28.0,11,230.7333333333333,33,83,4,30,18,23,12,39,51,36,26,10,8,28,88,0.211,0.046,0.133,0.783,119.12,20.975757575757573,49.47527496099203,0.5471698113207547,0.133,0.783,0.5476258579464758,0.1899115092887765,0.7826835030823398,0.21826729348556076,0.051449022718144916,0.046,0.08535739070090215,0.018374650970766043,0.014699720776612834,0.7983971291866029,0.48409638554216866,0.211
101108,chris_paul,Chris Paul,lac,X,PG,,False,0.0,227.535,41.0,16,227.535,18,56,10,30,1,2,6,22,28,53,16,11,0,23,47,0.135,0.026,0.333,0.5,72.88,14.2209375,33.54275956300813,0.3076923076923077,0.333,0.5,0.37501191807299933,0.3399115092887765,0.7357129668097678,0.21953896816684962,0.042855746477857296,0.026,0.08410093660500038,0.020496226576366534,0.0,0.6834058388157894,0.5,0.135
1630639,aj_lawson,A.J. Lawson,tor,G,SG,78.0,False,0.0,226.115,25.0,24,226.115,34,78,19,45,14,18,9,34,43,7,6,12,4,27,101,0.172,0.039,0.422,0.778,91.92,9.421458333333334,22.222283981481485,0.45454545454545453,0.422,0.778,0.47675416396809245,0.4108447340282011,0.7795912714899005,0.06527415143603132,0.050624859305078505,0.039,0.00707838011147832,0.02249993746892378,0.007499979156307926,0.6615699013157895,0.5,0.172
1631351,lucas_williamson,Lucas Williamson,mem,X,SG,,False,87.79,135.95,27.0,7,223.74,25,75,15,53,8,8,11,27,38,18,10,11,1,26,73,0.159,0.042,0.283,1.0,88.52,31.962857142857143,75.3904186759582,0.45454545454545453,0.283,1.0,0.4843884078321242,0.29518191065954064,0.8793642000954008,0.11296882060551289,0.04926734430605026,0.042,0.06808118081180811,0.02084387643717511,0.0018948978579250099,0.9285075187969924,0.5,0.159
1631120,jd_davison,JD Davison,hou,G,PG,73.0,False,0.0,218.41666666666663,23.0,28,218.41666666666663,24,64,8,32,13,19,3,31,34,35,7,6,6,17,69,0.153,0.014,0.25,0.684,79.36,7.800595238095236,18.399173086849913,0.5,0.25,0.684,0.5119149773959042,0.2761061993226443,0.718226055231628,0.08820564516129033,0.03299837738777449,0.014,0.02968678886176507,0.011646486136861584,0.011646486136861584,0.6423754699248121,0.5,0.153
1643253,toby_okani,Toby Okani,mem,X,SG,,True,156.85,60.24,24.0,6,217.09,25,70,9,31,1,8,9,12,21,6,3,4,3,20,60,0.142,0.034,0.29,0.125,76.52,36.181666666666665,85.34127553748871,0.41025641025641024,0.29,0.125,0.4387842663393464,0.30723074076953805,0.4904753112065119,0.03920543648719289,0.03905886468581158,0.034,0.026899945325314378,0.0078117729371623154,0.005858829702871737,0.9784671052631579,0.5,0.142
1641790,pj_hall,PJ Hall,cha,C,C,80.0,False,40.93333333333333,172.445,24.0,19,213.37833333333333,30,59,3,5,23,29,33,42,75,10,16,3,10,22,86,0.17,0.146,0.6,0.793,87.76,11.230438596491227,26.4891046479342,0.5,0.6,0.793,0.5078192039160621,0.4397640247700707,0.7904757846594157,0.18231540565177756,0.043712113045406606,0.146,0.013371818078045758,0.005960742688009991,0.019869142293366636,0.6829920360110804,0.5196610169491526,0.17
1630590,scotty_pippen_jr,Scotty Pippen Jr.,mem,G,PG,74.0,True,132.95,78.91666666666667,25.0,10,211.86666666666667,43,96,10,32,18,23,8,14,22,47,27,19,4,31,114,0.255,0.035,0.313,0.783,133.12,21.186666666666667,49.9727437759711,0.515625,0.313,0.783,0.5202760682517293,0.3237252469416919,0.7826835030823398,0.20282451923076922,0.06203381615180803,0.035,0.12688483571475603,0.0380207260285275,0.008004363374426842,0.8008947368421053,0.52625,0.255
1641747,daron_holmes_ii,DaRon Holmes II,den,F,PF,81.0,True,114.79666666666668,94.71333333333334,23.0,25,209.51,31,61,20,45,11,14,8,27,35,16,12,1,6,19,93,0.171,0.04,0.444,0.786,79.16,8.3804,19.766751822222226,0.6875,0.444,0.786,0.6346318865626144,0.4290265522100193,0.7845231500715505,0.15159171298635676,0.038448400973274274,0.04,0.015131245098491489,0.0020236000512249617,0.01214160030734977,0.6492415789473684,0.45934426229508196,0.171
1642530,yuki_kawamura,Yuki Kawamura,chi,G,PG,67.0,False,0.0,209.02,25.0,18,209.02,17,52,11,37,17,19,7,26,33,47,14,9,0,15,62,0.133,0.032,0.297,0.895,74.36,11.612222222222222,27.389613236976817,0.4,0.297,0.895,0.460017162025119,0.310562986628746,0.8561570897143866,0.18827326519634213,0.030425158841173697,0.032,0.06300062117893222,0.01825509530470422,0.0,0.6875131578947369,0.5,0.133
1642484,rayj_dennis,RayJ Dennis,atl,G,PG,73.0,False,0.0,206.2333333333333,25.0,17,206.2333333333333,26,83,14,45,8,9,8,18,26,33,17,4,4,21,74,0.195,0.03,0.311,0.889,103.96,12.131372549019606,28.614127063074548,0.3157894736842105,0.311,0.889,0.3645922718880828,0.3199356431191102,0.8330818737745902,0.16352443247402848,0.043170777669508546,0.03,0.04614361475367905,0.00822300527038258,0.00822300527038258,0.6936609907120743,0.4874698795180723,0.195
201599,deandre_jordan,DeAndre Jordan,nop,C,C,83.0,True,120.06666666666666,78.73333333333333,37.0,12,198.8,21,32,0,0,11,17,26,50,76,11,9,4,10,16,53,0.098,0.124,0.0,0.647,48.480000000000004,16.566666666666666,39.07560361336947,0.65625,0.0,0.647,0.6309625964435233,0.35964603715510607,0.6973539111747116,0.18564356435643564,0.03412188706093696,0.124,0.022698676329961247,0.00853047176523424,0.0213261794130856,0.7311842105263158,0.5,0.098
1630699,marjon_beauchamp,MarJon Beauchamp,phi,F,SF,79.0,False,31.75,164.36166666666668,25.0,14,196.11166666666668,33,76,16,47,13,19,7,25,32,15,13,9,4,13,95,0.203,0.033,0.34,0.684,97.36,14.00797619047619,33.04045020389729,0.5862068965517241,0.34,0.684,0.5769340782212301,0.3437975503780888,0.718226055231628,0.13352506162695152,0.028104079176920507,0.033,0.027211185345781156,0.019456670199406504,0.008647408977514,0.7158839285714287,0.5,0.203
1629726,garrison_mathews,Garrison Mathews,ind,X,SG,,False,14.933333333333334,181.16666666666663,29.0,15,196.1,21,52,17,46,19,23,2,15,17,10,3,6,3,19,78,0.134,0.01,0.37,0.826,65.12,13.073333333333332,30.83591898825655,0.6666666666666666,0.37,0.826,0.5937768156642484,0.36779393520626896,0.8129865333853701,0.04606879606879607,0.041077636348346214,0.01,0.01691837913675002,0.012971885162635649,0.006485942581317824,0.7048157894736842,0.5,0.134
1628502,nigel_hayes_davis,Nigel Hayes-Davis,phx,X,SF,,False,0.0,195.2133333333333,31.0,27,195.2133333333333,15,46,2,16,2,4,12,21,33,7,8,8,2,16,34,0.116,0.057,0.125,0.5,55.76,7.230123456790123,17.05360794405969,0.43333333333333335,0.125,0.5,0.4625107262656994,0.21524847582888695,0.7020396858369439,0.14347202295552366,0.03474881060573527,0.057,0.00641025641025641,0.017374405302867636,0.004343601325716909,0.6356198830409358,0.5,0.116
1642959,chris_youngblood,Chris Youngblood,por,G,SG,76.0,False,0.0,185.09166666666667,24.0,34,185.09166666666667,22,63,18,54,9,10,7,21,28,12,2,4,3,22,71,0.162,0.039,0.333,0.9,69.4,5.443872549019608,12.840398743291358,0.4444444444444444,0.333,0.9,0.5000225816119986,0.3374446933054853,0.8414277800858606,0.02881844380403458,0.050392424446123726,0.039,0.008778190122751928,0.009162258990204314,0.006871694242653235,0.6144669117647059,0.5,0.162
1630214,xavier_tillman,Xavier Tillman,cha,F,C,80.0,False,29.828333333333333,154.05,27.0,30,183.87833333333333,20,46,3,18,1,4,19,24,43,13,8,9,5,15,44,0.127,0.098,0.167,0.25,55.76,6.129277777777777,14.457056069256248,0.6071428571428571,0.167,0.25,0.5921165539638941,0.23558787041253787,0.6306111144083725,0.14347202295552366,0.0345851878560033,0.098,0.01076006863833653,0.020751112713601978,0.0115283959520011,0.622583552631579,0.4826086956521739,0.127
1628380,zach_collins,Zach Collins,chi,F-C,C,81.0,False,0.0,183.73666666666668,28.0,10,183.73666666666668,37,64,9,21,14,20,16,40,56,15,10,2,4,18,97,0.177,0.081,0.429,0.7,82.8,18.37366666666667,43.337753456187905,0.6511627906976745,0.429,0.7,0.6320835669929806,0.40633743134035677,0.7276185200572404,0.12077294685990339,0.041534224929764794,0.081,0.03876946353148837,0.0046149138810849775,0.009229827762169955,0.7675828947368422,0.53375,0.177
1641727,dariq_whitehead,Dariq Whitehead,mem,X,SF,,False,62.833333333333336,119.98333333333332,21.0,6,182.81666666666663,37,93,19,60,5,7,2,22,24,9,10,4,0,13,98,0.231,0.009,0.317,0.714,106.08,30.469444444444438,71.86792354712436,0.5454545454545454,0.317,0.714,0.5465216058285576,0.3228065767364437,0.7546209177480714,0.0942684766214178,0.030147895747203078,0.009,0.04264416965214376,0.009276275614524024,0.0,0.9108223684210526,0.5,0.231
1630286,trevon_scott,Trevon Scott,bkn,X,PF,,True,146.41833333333332,35.81666666666667,29.0,6,182.235,19,50,6,19,4,6,10,21,31,10,4,8,5,12,48,0.136,0.053,0.316,0.667,56.64,30.372500000000002,71.63926181571817,0.41935483870967744,0.316,0.667,0.45122997684458477,0.330912426605209,0.7392847251073259,0.07062146892655367,0.0279176522665004,0.053,0.04861275788475219,0.018611768177666934,0.011632355111041834,0.9096743421052633,0.5,0.136
201145,jeff_green,Jeff Green,hou,F,PF,80.0,False,0.0,174.81666666666666,39.0,30,174.81666666666666,25,68,12,44,5,5,7,18,25,8,4,2,2,12,67,0.171,0.036,0.273,1.0,74.2,5.827222222222222,13.744601150255948,0.5416666666666666,0.273,1.0,0.5441302661949404,0.28882334021390854,0.855237040114481,0.053908355795148244,0.0291023359373765,0.036,0.006329602470088769,0.004850389322896082,0.004850389322896082,0.5940065789473684,0.5,0.171
203486,mason_plumlee,Mason Plumlee,sas,F-C,C,84.0,False,48.71833333333333,122.77,36.0,20,171.48833333333334,11,14,0,0,9,14,17,36,53,20,12,10,0,17,31,0.074,0.099,0.0,0.643,32.16,8.574416666666668,20.22437667299007,0.7857142857142857,0.0,0.643,0.687517877109499,0.35964603715510607,0.7011898167382172,0.373134328358209,0.04202848936922672,0.099,0.023315988512610537,0.024722640805427482,0.0,0.6415391447368421,0.5,0.074
1643158,andersson_garcia,Andersson Garcia,uta,X,SF,,True,91.03333333333332,77.71666666666667,25.0,5,168.75,9,29,1,13,7,9,17,25,42,14,7,8,4,16,26,0.094,0.089,0.077,0.778,39.96,33.75,79.60573170731708,0.5,0.077,0.778,0.5192472711779991,0.1998461031109157,0.7804502948272218,0.17517517517517517,0.04019811050497345,0.089,0.06871371281498773,0.020099055252486724,0.010049527626243362,0.949671052631579,0.5,0.094
1641890,tyler_smith,Tyler Smith,dal,F,PF,81.0,False,0.0,165.58333333333334,21.0,12,165.58333333333334,21,50,10,35,4,6,12,21,33,5,6,6,0,13,56,0.135,0.059,0.286,0.667,58.64,13.798611111111112,32.54662323095454,0.7333333333333333,0.286,0.667,0.660017162025119,0.3021435638122458,0.7392847251073259,0.10231923601637108,0.03328558313548772,0.059,0.010389742030307639,0.015362576831763565,0.0,0.713404605263158,0.5,0.135
1641816,hunter_tyson,Hunter Tyson,den,X,PF,,False,39.833333333333336,122.06666666666666,26.0,21,161.9,14,52,7,33,11,13,4,32,36,17,5,2,1,13,46,0.166,0.024,0.212,0.846,62.72,7.70952380952381,18.18436396954446,0.3684210526315789,0.212,0.846,0.4310492776078612,0.24642931096630374,0.8186328522485745,0.07971938775510204,0.03404285242444622,0.024,0.018883259732870958,0.005237361911453264,0.002618680955726632,0.6412969924812031,0.5,0.166
1642260,nikola_topic,Nikola Topić,okc,G,PG,78.0,False,77.885,82.19833333333334,20.0,10,160.08333333333334,22,51,6,15,2,5,7,12,19,44,25,5,0,13,52,0.204,0.041,0.4,0.4,78.2,16.008333333333333,37.758669286359535,0.4444444444444444,0.4,0.4,0.46740063153539074,0.3838584148620424,0.6552370401144809,0.319693094629156,0.03442917943269865,0.041,0.10758587786259545,0.013241992089499482,0.0,0.7395723684210527,0.5,0.204
1641755,kevin_mccullar_jr,Kevin McCullar Jr.,nyk,G,SF,78.0,False,0.0,154.99333333333334,25.0,21,154.99333333333334,20,47,8,24,2,5,11,17,28,20,12,9,0,22,50,0.166,0.065,0.333,0.4,61.2,7.380634920634921,17.408617579902785,0.5217391304347826,0.333,0.4,0.5303160318372113,0.34107236386914885,0.6552370401144809,0.19607843137254902,0.06017818720014056,0.065,0.02282215418870025,0.024618349309148406,0.0,0.6374022556390978,0.5,0.166
1631117,walker_kessler,Walker Kessler,uta,C,C,86.0,True,153.98,0.0,24.0,5,153.98,26,37,6,8,14,20,23,31,54,15,16,7,9,22,72,0.167,0.149,0.75,0.7,61.8,30.796,72.6381663306233,0.6896551724137931,0.75,0.7,0.6538571551443071,0.5331366873083923,0.7276185200572404,0.25889967637540456,0.06057421631450266,0.149,0.08032390779076602,0.01927361428188721,0.02478036121956927,0.9146894736842106,0.4837837837837838,0.167
1629646,charles_bassey,Charles Bassey,gsw,C-F,C,82.0,False,0.0,152.70333333333335,25.0,13,152.70333333333335,31,47,0,0,14,20,23,34,57,7,6,4,11,19,76,0.161,0.139,0.0,0.7,61.8,11.746410256410257,27.706120989507337,0.6595744680851063,0.0,0.7,0.640358404396982,0.35964603715510607,0.7276185200572404,0.0970873786407767,0.052751464634546455,0.139,0.013966276551740918,0.01110557150200978,0.030540321630526897,0.6891022267206478,0.5008510638297873,0.161
204060,joe_ingles,Joe Ingles,min,F-G,SF,80.0,False,50.708333333333336,101.98,38.0,27,152.68833333333333,16,27,7,16,2,2,0,19,19,34,14,9,2,9,41,0.106,0.0,0.438,1.0,41.879999999999995,5.655123456790124,13.338673797718226,0.8181818181818182,0.438,1.0,0.690496621458475,0.40755616813657924,0.8190463001431012,0.3342884431709647,0.024989990638376272,0.0,0.029961419836007436,0.024989990638376272,0.005553331252972505,0.596968567251462,0.5,0.106
1642876,adou_thiero,Adou Thiero,lal,G,SF,79.0,False,0.0,148.90333333333334,22.0,25,148.90333333333334,16,31,1,3,14,22,9,19,28,10,9,7,2,19,47,0.143,0.068,0.333,0.636,49.68,5.956133333333334,14.048662285817528,0.5357142857142857,0.333,0.636,0.5394849750165257,0.353573874734697,0.6821423625536629,0.18115942028985507,0.05409767738293765,0.068,0.009659787013476582,0.019930723246345452,0.0056944923560987,0.6205331578947368,0.5,0.143
203648,thanasis_antetokounmpo,Thanasis Antetokounmpo,mil,F,SF,79.0,False,0.0,147.95833333333334,33.0,34,147.95833333333334,15,32,0,4,17,30,12,18,30,15,10,13,6,18,47,0.154,0.071,0.0,0.567,55.2,4.35171568627451,10.264341078165684,0.5357142857142857,0.0,0.567,0.5394849750165257,0.2568900265393615,0.6207138900429303,0.18115942028985507,0.051577764288449804,0.071,0.010933333333333333,0.03725060754165819,0.017192588096149937,0.6015334752321981,0.5,0.154
1642873,amari_williams,Amari Williams,bos,F-C,PF,83.0,False,25.32,120.40333333333334,24.0,22,145.72333333333333,10,20,0,0,10,14,9,31,40,10,11,3,10,19,30,0.103,0.054,0.0,0.714,37.16,6.623787878787879,15.623451281924941,0.5,0.0,0.714,0.5166809683542658,0.35964603715510607,0.7428564834048839,0.29601722282023685,0.055278206335595034,0.054,0.010902515556028293,0.008728137842462373,0.02909379280820791,0.6284395933014355,0.52,0.103
1642918,alijah_martin,Alijah Martin,tor,G,SG,74.0,False,0.0,145.615,24.0,23,145.615,16,50,4,21,15,19,9,12,21,12,8,8,4,12,51,0.185,0.053,0.19,0.789,66.36,6.331086956521739,14.933061027453753,0.41379310344827586,0.19,0.789,0.4487289500161019,0.24504710875971164,0.7871915724730073,0.12055455093429777,0.034938525294685996,0.053,0.012444197134293627,0.02329235019645733,0.011646175098228665,0.6249733981693364,0.4616,0.185
202687,bismack_biyombo,Bismack Biyombo,sas,C,C,80.0,False,10.4,130.95333333333335,33.0,25,141.35333333333332,9,15,0,0,5,7,5,21,26,5,8,4,2,27,23,0.082,0.04,0.0,0.714,26.08,5.654133333333333,13.336338405058719,0.6,0.0,0.714,0.580017162025119,0.35964603715510607,0.7546209177480714,0.3067484662576687,0.08098174830284272,0.04,0.004642630673068213,0.011997296044865588,0.005998648022432794,0.6169568421052631,0.5,0.082
1642449,tolu_smith,Tolu Smith,det,F,PF,83.0,False,0.0,137.44166666666666,25.0,15,137.44166666666666,18,36,0,0,20,30,22,27,49,13,7,2,6,23,56,0.177,0.161,0.0,0.667,56.2,9.162777777777778,21.612137169527255,0.5,0.0,0.667,0.510878892404956,0.35964603715510607,0.6957138900429303,0.12455516014234874,0.0709477883332754,0.161,0.02053000539249673,0.006169372898545687,0.018508118695637062,0.6585065789473685,0.48,0.177
1642359,pacome_dadiet,Pacôme Dadiet,nyk,F,SG,81.0,False,0.0,135.76,20.0,29,135.76,16,48,7,32,9,11,4,23,27,12,3,3,1,8,48,0.167,0.027,0.219,0.818,55.84,4.681379310344827,11.041914826651714,0.5625,0.219,0.818,0.5577088096395375,0.2522966755131205,0.8013597905579625,0.053724928366762174,0.024983173054339527,0.027,0.009821535513235119,0.009368689895377324,0.003122896631792441,0.605437386569873,0.5,0.167
1630644,mac_mcclung,Mac McClung,chi,G,SG,74.0,False,0.0,135.175,27.0,11,135.175,23,59,7,30,14,18,2,8,10,10,9,11,3,19,67,0.199,0.012,0.233,0.778,75.92,12.288636363636364,28.985063389997542,0.5517241379310345,0.233,0.778,0.5512930525802044,0.2649115092887765,0.7795912714899005,0.11854583772391991,0.05959182162316029,0.012,0.022558459422283357,0.034500528308145435,0.009409234993130572,0.6955233253588518,0.5,0.199
1642939,miles_kelly,Miles Kelly,dal,X,PG,,False,0.0,133.72333333333333,23.0,14,133.72333333333333,16,44,10,33,1,1,5,19,24,12,6,4,1,12,43,0.144,0.032,0.303,1.0,50.44,9.551666666666666,22.529404859981934,0.5454545454545454,0.303,1.0,0.5476394786013321,0.31619675282676885,0.802595963792474,0.1189532117367169,0.03804551706846749,0.032,0.021054433413214654,0.012681839022822496,0.003170459755705624,0.6631118421052632,0.5,0.144
203552,seth_curry,Seth Curry,gsw,G,SG,73.0,False,0.0,133.0,35.0,10,133.0,24,49,12,25,11,12,4,8,12,10,2,3,0,7,71,0.169,0.029,0.48,0.917,56.28,13.3,31.370555013550142,0.5,0.48,0.917,0.5147185014890581,0.44561315347288744,0.8558434364416915,0.0355366027007818,0.022313918249060087,0.029,0.02594772482754256,0.009563107821025752,0.0,0.7025,0.5,0.169
203078,bradley_beal,Bradley Beal,lac,G,SG,76.0,True,120.91666666666669,0.0,33.0,6,120.91666666666669,18,48,7,19,6,8,2,3,5,10,9,3,0,14,49,0.224,0.019,0.368,0.75,60.52,20.152777777777782,47.53412210177659,0.3793103448275862,0.368,0.75,0.4230879243750763,0.36539518522589864,0.7682530889842897,0.1487111698612029,0.049087544487250036,0.019,0.044429995665366276,0.01051875953298215,0.0,0.7886513157894738,0.5,0.224
1641723,kobe_bufkin,Kobe Bufkin,lal,X,SG,,False,24.33333333333333,95.15,22.0,16,119.48333333333332,15,50,5,26,11,12,1,12,13,10,5,2,3,9,46,0.219,0.008,0.192,0.917,60.28,7.4677083333333325,17.613996623757906,0.4166666666666667,0.192,0.917,0.4558949720772934,0.23879056587641834,0.8558434364416915,0.08294625082946251,0.03193483069261495,0.008,0.015202640068226483,0.007096629042803321,0.010644943564204982,0.6384333881578947,0.5,0.219
200768,kyle_lowry,Kyle Lowry,phi,G,PG,72.0,False,0.0,118.04,40.0,14,118.04,4,25,4,25,5,6,0,9,9,11,4,2,2,8,17,0.106,0.0,0.16,0.833,31.64,8.431428571428572,19.88711231900891,0.0,0.16,0.833,0.5500429050627974,0.21704172490145887,0.8017847251073259,0.1264222503160556,0.02873361211332712,0.0,0.018957545187053382,0.00718340302833178,0.00718340302833178,0.6198458646616541,0.5,0.106
1641726,dereck_lively_ii,Dereck Lively II,dal,C,C,85.0,True,68.305,46.96833333333333,22.0,7,115.27333333333333,11,18,0,0,8,10,14,23,37,13,10,4,11,21,30,0.113,0.117,0.0,0.8,32.4,16.467619047619046,38.8419811485353,0.6111111111111112,0.0,0.8,0.5893010375224277,0.35964603715510607,0.7914277800858607,0.308641975308642,0.07723601915483469,0.117,0.046103278263126025,0.014711622696158987,0.04045696241443722,0.7450112781954887,0.5,0.113
1641725,trey_alexander,Trey Alexander,nop,G,SG,77.0,False,0.0,110.64333333333332,23.0,9,110.64333333333332,19,37,6,12,3,5,1,10,11,9,3,6,2,13,47,0.148,0.008,0.5,0.6,42.2,12.293703703703702,28.997015665964064,0.52,0.5,0.6,0.5285836871607993,0.43620274416141186,0.7219037067811477,0.07109004739336493,0.04981355533562357,0.008,0.02498561126722416,0.022990871693364723,0.007663623897788241,0.6955833333333333,0.5194594594594595,0.148
1630209,omer_yurtseven,Omer Yurtseven,gsw,X,C,,False,0.0,103.955,28.0,9,103.955,11,26,0,4,12,18,13,17,30,8,9,2,1,15,34,0.167,0.133,0.0,0.667,42.92,11.550555555555555,27.244160788919,0.5,0.0,0.667,0.5156384078321242,0.2568900265393615,0.708162700061329,0.2096924510717614,0.06117518831207856,0.133,0.02238067619664972,0.008156691774943808,0.004078345887471904,0.6867828947368422,0.5,0.167
1631247,luke_travers,Luke Travers,cle,X,SG,,False,0.0,103.09166666666668,24.0,12,103.09166666666668,9,36,1,16,9,9,9,15,24,9,3,7,4,6,28,0.161,0.069,0.063,1.0,42.96,8.590972222222224,20.263426068955138,0.4,0.063,1.0,0.45001430168759915,0.1767869373673485,0.8857134527219586,0.06983240223463687,0.024674998112290198,0.069,0.017609162491052256,0.0287874977976719,0.0164499987415268,0.6517351973684211,0.5,0.161
1631116,patrick_baldwin_jr,Patrick Baldwin Jr.,sac,F,SF,84.0,False,27.73333333333333,74.73833333333333,23.0,9,102.47166666666666,11,27,6,14,5,7,12,11,23,5,5,3,5,15,33,0.142,0.103,0.429,0.714,35.08,11.38574074074074,26.85541400582154,0.38461538461538464,0.429,0.714,0.45654039350556413,0.3998525154812942,0.7546209177480714,0.14253135689851767,0.062060732569804274,0.103,0.013772253946926436,0.012412146513960854,0.020686910856601425,0.6848311403508772,0.5,0.142
1631214,alondes_williams,Alondes Williams,was,X,SG,,False,0.0,100.78333333333332,27.0,4,100.78333333333332,16,26,5,14,7,8,5,20,25,12,5,3,3,4,44,0.141,0.054,0.357,0.875,34.519999999999996,25.19583333333333,59.4291184733514,0.9166666666666666,0.357,0.875,0.7500195023012716,0.3581858488146275,0.8238086445398453,0.14484356894553885,0.01682676818516852,0.054,0.07935483870967742,0.012620076138876389,0.012620076138876389,0.8483717105263158,0.5153846153846153,0.141
201959,taj_gibson,Taj Gibson,mem,F,C,81.0,False,19.133333333333333,77.74,41.0,10,96.87333333333332,12,26,3,6,7,8,11,16,27,6,1,2,1,14,34,0.123,0.092,0.5,0.875,30.52,9.687333333333331,22.849400245709123,0.45,0.5,0.875,0.48334763502093253,0.4122787732219413,0.8238086445398453,0.0327653997378768,0.061270754809544956,0.092,0.014947138169886985,0.008752964972792137,0.0043764824863960685,0.6297184210526315,0.5,0.123
1628449,chris_boucher,Chris Boucher,bos,X,PF,,False,0.0,94.15,33.0,9,94.15,8,25,2,15,3,4,2,16,18,3,1,5,7,17,21,0.128,0.019,0.133,0.75,27.76,10.461111111111112,24.67450087323096,0.6,0.133,0.75,0.5750214525313988,0.22385841486204242,0.7734682572655153,0.03602305475504323,0.07655226335046636,0.019,0.00807934839726747,0.02251537157366658,0.03152152020313321,0.6738815789473684,0.5,0.128
1631451,javonte_cooke,Javonte Cooke,por,X,SG,,False,0.0,93.665,26.0,19,93.665,9,41,3,23,2,2,4,15,19,7,9,6,0,6,23,0.205,0.033,0.13,1.0,50.88,4.929736842105264,11.627712842675798,0.3333333333333333,0.13,1.0,0.41072960895099914,0.19989273853185033,0.8190463001431012,0.17688679245283018,0.027158348159855336,0.033,0.00912385554425229,0.027158348159855336,0.0,0.6083784626038782,0.5,0.205
1642384,isaiah_crawford,Isaiah Crawford,hou,F,SF,78.0,False,0.0,92.1,24.0,14,92.1,10,24,3,13,5,6,3,13,16,5,4,2,3,4,28,0.138,0.027,0.231,0.833,30.64,6.578571428571428,15.516799767711962,0.6363636363636364,0.231,0.833,0.5952585262203798,0.2868026248500461,0.8017847251073259,0.13054830287206265,0.01841322244222114,0.027,0.008453259659395489,0.00920661122111057,0.013809916831665856,0.6279041353383459,0.5,0.138
1629312,haywood_highsmith,Haywood Highsmith,phx,F,SF,77.0,False,0.0,90.79,29.0,7,90.79,12,23,8,14,6,7,6,7,13,7,0,4,0,9,38,0.121,0.062,0.571,0.857,26.08,12.97,30.592187859078592,0.4444444444444444,0.571,0.857,0.5000225816119986,0.4831858488146275,0.8134444471598361,0.0,0.042027536299033774,0.062,0.025454545454545455,0.018678905021792785,0.0,0.703592105263158,0.4373913043478261,0.121
1631102,tyty_washington_jr,TyTy Washington Jr.,lac,G,PG,75.0,False,0.0,88.12833333333333,24.0,16,88.12833333333333,9,19,3,8,0,0,1,5,6,17,3,6,3,7,21,0.113,0.013,0.375,0.0,22.0,5.508020833333333,12.991704553974708,0.5454545454545454,0.375,0.0,0.5476394786013321,0.36647002064172557,0.7828555601717214,0.13636363636363635,0.033675334763224,0.013,0.02659594764757507,0.028864572654191997,0.014432286327095999,0.6152265625000001,0.5,0.113
1642938,curtis_jones,Curtis Jones,den,G,SG,75.0,False,0.0,87.71666666666667,24.0,10,87.71666666666667,11,27,6,18,1,2,2,9,11,10,2,4,0,6,29,0.142,0.022,0.333,0.5,29.88,8.771666666666667,20.68962794941283,0.5555555555555556,0.333,0.5,0.5526541605593671,0.342730727555395,0.7357129668097678,0.06693440428380187,0.029000038157623222,0.022,0.02356457267659061,0.019333358771748816,0.0,0.6538750000000001,0.5,0.142
1630548,johnny_juzang,Johnny Juzang,min,X,SG,,False,0.0,87.69833333333334,25.0,21,87.69833333333334,16,38,6,24,5,8,5,12,17,6,5,2,1,3,43,0.2,0.054,0.25,0.625,46.52,4.176111111111111,9.850144613068354,0.7142857142857143,0.25,0.625,0.6458512104428323,0.28224883445738413,0.7126975334287341,0.10748065348237316,0.014503050307262682,0.054,0.006825465088855901,0.009668700204841788,0.004834350102420894,0.5994539473684211,0.5,0.2
1642400,tristan_enaruna,Tristan Enaruna,cle,F,SF,79.0,False,0.0,85.13333333333334,25.0,9,85.13333333333334,14,28,3,10,6,8,7,7,14,7,3,5,0,3,37,0.16,0.096,0.3,0.75,34.519999999999996,9.45925925925926,22.311444584964374,0.6111111111111112,0.3,0.75,0.5893010375224277,0.32982301857755303,0.7682530889842897,0.0869061413673233,0.014940015742322925,0.096,0.018613399053116285,0.024900026237204876,0.0,0.6620175438596492,0.5,0.16
1642886,koby_brea,Koby Brea,phx,G,SG,77.0,False,0.0,83.86666666666666,23.0,12,83.86666666666666,15,36,13,30,2,2,1,7,8,10,4,1,0,6,45,0.203,0.012,0.433,1.0,40.88,6.988888888888888,16.48461077988558,0.3333333333333333,0.433,1.0,0.4687768156642484,0.4149115092887765,0.8190463001431012,0.09784735812133072,0.030331319718515704,0.012,0.020964360587002098,0.005055219953085951,0.0,0.6327631578947369,0.5,0.203
1642490,josh_oduro,Josh Oduro,nop,C,PF,81.0,False,31.35,50.41666666666666,25.0,3,81.76666666666667,11,17,0,2,3,6,11,12,23,4,2,0,0,14,25,0.09,0.117,0.0,0.5,21.64,27.255555555555556,64.28736127672389,0.7333333333333333,0.0,0.5,0.660017162025119,0.2997050309625884,0.6767847251073259,0.09242144177449169,0.0725907328281694,0.117,0.03466131248018599,0.0,0.0,0.8727631578947369,0.5,0.09
1641998,trey_jemison_iii,Trey Jemison III,nyk,C,C,82.0,False,0.0,81.58833333333334,26.0,13,81.58833333333334,6,10,0,0,1,1,8,10,18,5,10,1,2,11,13,0.099,0.086,0.0,1.0,20.439999999999998,6.276025641025641,14.803188544229036,0.6,0.0,1.0,0.5750214525313988,0.35964603715510607,0.802595963792474,0.48923679060665365,0.057160242445450433,0.086,0.009109491645929613,0.005196385676859131,0.010392771353718262,0.6243213562753037,0.5,0.099
1631216,caleb_houstan,Caleb Houstan,atl,X,SF,,False,0.0,75.46666666666667,23.0,18,75.46666666666667,14,26,11,21,3,3,5,6,11,4,4,2,1,11,42,0.168,0.066,0.524,1.0,31.32,4.192592592592593,9.889019291378101,0.6,0.524,1.0,0.566695270041865,0.47085356037261483,0.8329658155167088,0.1277139208173691,0.061796937907070124,0.066,0.0051897091864181516,0.011235806892194567,0.005617903446097284,0.5996491228070175,0.5,0.168
1642933,keshon_gilbert,Keshon Gilbert,atl,G,SG,76.0,False,0.0,73.78333333333333,23.0,4,73.78333333333333,5,12,0,3,7,7,2,3,5,12,8,3,4,5,17,0.131,0.028,0.0,1.0,23.08,18.445833333333333,43.50797213188799,0.5555555555555556,0.0,1.0,0.5526541605593671,0.27665079781162005,0.8722679765716008,0.3466204506065858,0.02873036684428338,0.028,0.07084233261339093,0.01723822010657003,0.022984293475426704,0.7684375000000001,0.5,0.131
201569,eric_gordon,Eric Gordon,phi,X,SG,,False,0.0,73.75,37.0,6,73.75,12,21,8,14,1,2,1,1,2,3,3,4,1,3,33,0.137,0.013,0.571,0.5,24.88,12.291666666666666,28.992210930442642,0.5714285714285714,0.571,0.5,0.5588487676839985,0.4831858488146275,0.7357129668097678,0.12057877813504823,0.0172460113924939,0.013,0.01258440761203192,0.022994681856658532,0.005748670464164633,0.6805592105263158,0.5,0.137
1631223,david_roddy,David Roddy,den,F,PF,77.0,False,0.0,73.01666666666667,25.0,5,73.01666666666667,15,30,3,11,7,7,8,12,20,4,2,4,1,7,40,0.191,0.105,0.273,1.0,35.08,14.603333333333333,34.44471215898826,0.631578947368421,0.273,1.0,0.6034630707113094,0.3141171605500505,0.8722679765716008,0.05701254275940707,0.04064484538404463,0.105,0.019735258724428398,0.02322562593373979,0.0058064064834349475,0.7229342105263159,0.5,0.191
202066,garrett_temple,Garrett Temple,tor,G-F,SG,77.0,False,0.0,72.93666666666667,40.0,22,72.93666666666667,4,15,3,12,6,9,1,8,9,9,7,4,2,6,17,0.152,0.016,0.25,0.667,25.96,3.3153030303030304,7.81976662396321,0.3333333333333333,0.25,0.667,0.5000330038944596,0.2998391077977755,0.7278187158798534,0.2696456086286595,0.034876651163925555,0.016,0.00963924662365142,0.023251100775950374,0.011625550387975187,0.5592601674641149,0.5,0.152
1641752,bobi_klintman,Bobi Klintman,det,X,SF,,False,0.0,71.38333333333334,23.0,12,71.38333333333334,9,27,4,13,0,3,5,14,19,6,6,3,0,11,22,0.18,0.056,0.308,0.0,34.32,5.948611111111112,14.030919707919306,0.35714285714285715,0.308,0.0,0.43751787710949896,0.33028088571961134,0.6021965847474781,0.17482517482517482,0.06533190166780609,0.056,0.01171930827497499,0.017817791363947115,0.0,0.6204440789473684,0.5,0.18
1642357,david_jones_garcia,David Jones Garcia,sas,G,SF,76.0,False,0.0,67.975,24.0,11,67.975,13,25,3,5,3,6,4,9,13,18,5,6,1,6,32,0.18,0.06,0.6,0.5,32.64,6.179545454545454,14.575621852673072,0.5,0.6,0.5,0.5166809683542658,0.4397640247700707,0.6767847251073259,0.15318627450980393,0.037422385882940064,0.06,0.03872389547696506,0.037422385882940064,0.0062370643138233445,0.6231788277511963,0.5,0.18
1641810,antonio_reeves,Antonio Reeves,cha,G,SG,77.0,False,0.0,67.67666666666666,25.0,10,67.67666666666666,10,20,7,13,0,0,2,6,8,3,1,1,0,3,27,0.133,0.029,0.538,0.0,21.0,6.767666666666666,15.962816502258358,0.42857142857142855,0.538,0.0,0.5000252382722339,0.46071566832830696,0.7828555601717214,0.047619047619047616,0.018793675912866452,0.029,0.00751145038167939,0.006264558637622151,0.0,0.6301434210526317,0.5,0.133
1642955,kadary_richmond,Kadary Richmond,was,X,SG,,False,0.0,66.8,24.0,3,66.8,10,16,2,4,3,3,1,9,10,8,2,8,1,2,25,0.114,0.016,0.5,1.0,19.32,22.266666666666666,52.520127190605244,0.6666666666666666,0.5,1.0,0.6136558659376352,0.39974716939650434,0.8329658155167088,0.10351966873706003,0.012693546309345561,0.016,0.06931530008453085,0.050774185237382245,0.006346773154672781,0.8136842105263158,0.5,0.114
1628420,monte_morris,Monte Morris,ind,X,PG,,False,0.0,64.61666666666666,31.0,6,64.61666666666666,7,20,2,8,2,4,1,6,7,9,2,1,1,3,18,0.141,0.012,0.25,0.5,23.76,10.769444444444444,25.401763113520026,0.4166666666666667,0.25,0.5,0.47729222957399886,0.31091446508617004,0.7020396858369439,0.08417508417508417,0.019683673049209573,0.012,0.03784227258742693,0.0065612243497365245,0.0065612243497365245,0.6775328947368422,0.5,0.141
1641809,drew_peterson,Drew Peterson,cha,X,PF,,False,0.0,64.26833333333333,26.0,6,64.26833333333333,2,16,0,12,1,2,3,6,9,2,0,3,1,3,5,0.108,0.041,0.0,0.5,16.88,10.711388888888889,25.264828151159293,0.5,0.0,0.5,0.5357449321877125,0.16347547143413912,0.7357129668097678,0.0,0.0197903582406539,0.041,0.008209029932926219,0.0197903582406539,0.006596786080217967,0.6768453947368421,0.495,0.108
1642362,payton_sandfort,Payton Sandfort,okc,F,SF,79.0,False,0.0,63.333333333333336,23.0,4,63.333333333333336,13,26,7,17,2,4,1,9,10,0,1,1,0,8,35,0.186,0.014,0.412,0.5,28.76,15.833333333333334,37.34589882565493,0.6666666666666666,0.412,0.5,0.6052857395067356,0.39246149524263185,0.7020396858369439,0.03477051460361613,0.05355340379774422,0.014,0.0,0.006694175474718027,0.0,0.7375,0.5,0.186
1630625,dalano_banton,Dalano Banton,bos,F,PG,80.0,False,0.0,61.65,26.0,6,61.65,4,12,0,1,4,4,2,3,5,11,8,2,5,3,12,0.152,0.034,0.0,1.0,21.759999999999998,10.275,24.235522764227646,0.36363636363636365,0.0,1.0,0.45240138336323693,0.32695094286827825,0.8448968286940868,0.36764705882352944,0.020630873320298868,0.034,0.044198353586828686,0.01375391554686591,0.034384788867164784,0.6716776315789474,0.5,0.152
1629610,daquan_jeffries,DaQuan Jeffries,sac,X,SG,,False,0.0,59.903333333333336,28.0,3,59.903333333333336,11,19,4,9,5,5,3,2,5,1,0,2,0,9,31,0.141,0.042,0.444,1.0,21.2,19.96777777777778,47.097764757603144,0.7,0.444,1.0,0.6250214525313987,0.3998137037658453,0.855237040114481,0.0,0.06369729042216808,0.042,0.008796395623256811,0.01415495342714846,0.0,0.7864605263157896,0.5,0.141
1631111,wendell_moore_jr,Wendell Moore Jr.,det,G,SG,77.0,False,0.0,59.555,24.0,6,59.555,4,7,0,1,2,2,1,5,6,4,1,2,2,3,10,0.066,0.02,0.0,1.0,8.879999999999999,9.925833333333333,23.41194741644083,0.6666666666666666,0.0,1.0,0.5937768156642484,0.32695094286827825,0.8190463001431012,0.11261261261261263,0.021356617247862066,0.02,0.015595283377710155,0.014237744831908043,0.014237744831908043,0.6675427631578947,0.5,0.066
1630164,james_wiseman,James Wiseman,ind,X,C,,False,19.85,38.611666666666665,25.0,4,58.461666666666666,6,10,0,0,1,2,5,3,8,3,5,0,1,10,13,0.114,0.074,0.0,0.5,15.88,14.615416666666667,34.4732129765131,0.6,0.0,0.5,0.5750214525313988,0.35964603715510607,0.7357129668097678,0.3148614609571788,0.0725200752741925,0.074,0.019081600992863792,0.0,0.00725200752741925,0.723077302631579,0.5,0.114
1642443,jahmir_young,Jahmir Young,mia,G,PG,72.0,False,0.0,58.195,25.0,14,58.195,10,25,3,9,2,2,2,2,4,9,3,1,0,7,25,0.178,0.028,0.333,1.0,28.88,4.156785714285714,9.804562024777391,0.4375,0.333,1.0,0.4807857327164606,0.3471821248184769,0.8190463001431012,0.10387811634349031,0.050996668564739105,0.028,0.01496107687317548,0.0072852383663913,0.0,0.5992250939849625,0.5,0.178
1642434,riley_minix,Riley Minix,cle,F,SF,79.0,False,0.0,58.083333333333336,25.0,9,58.083333333333336,14,23,4,12,3,3,2,4,6,5,3,2,1,5,35,0.176,0.042,0.333,1.0,27.32,6.453703703703704,15.22227572016461,0.9090909090909091,0.333,1.0,0.7381156690775226,0.3452936532523209,0.8329658155167088,0.10980966325036604,0.036496222100327845,0.042,0.013295285037940203,0.014598488840131136,0.007299244420065568,0.6264254385964912,0.5,0.176
1628998,cody_martin,Cody Martin,ind,X,SF,,False,0.0,55.18,30.0,4,55.18,2,10,0,5,3,6,1,13,14,2,4,4,2,5,7,0.119,0.013,0.0,0.5,16.64,13.795,32.53810574525746,0.4,0.0,0.5,0.5000286033751983,0.2397640247700707,0.6767847251073259,0.24038461538461536,0.03841649571693926,0.013,0.012405446293494705,0.03073319657355141,0.015366598286775704,0.7133618421052632,0.5,0.119
1641780,johni_broome,Johni Broome,phi,F,C,81.0,False,0.0,54.76166666666666,23.0,11,54.76166666666666,4,24,0,5,2,6,7,9,16,4,3,3,2,7,10,0.226,0.109,0.0,0.333,29.64,4.978333333333333,11.742336820234868,0.21052631578947367,0.0,0.333,0.32760100174579226,0.2397640247700707,0.6142847251073259,0.10121457489878542,0.054193951860334044,0.109,0.008790266387950904,0.023225979368714587,0.015483986245809727,0.6089539473684211,0.5,0.226
1643133,lawson_lovering,Lawson Lovering,mem,X,C,,True,31.69833333333333,17.566666666666666,23.0,2,49.265,6,10,0,0,2,5,6,9,15,3,2,3,1,7,14,0.106,0.105,0.0,0.4,14.2,24.6325,58.10039070460705,0.6,0.0,0.4,0.5750214525313988,0.35964603715510607,0.6552370401144809,0.14084507042253522,0.06024055875621622,0.105,0.03912213740458015,0.02581738232409267,0.00860579410803089,0.8417006578947369,0.516,0.106
1643024,chris_manon,Chris Mañon,lal,G,SG,76.0,False,0.0,46.085,24.0,9,46.085,2,6,0,3,3,4,2,8,10,3,1,5,2,6,7,0.081,0.043,0.0,0.75,8.76,5.120555555555556,12.077794718458296,0.6666666666666666,0.0,0.75,0.5769560808175365,0.27665079781162005,0.7734682572655153,0.11415525114155252,0.05519771466622221,0.043,0.00796941816768174,0.04599809555518518,0.01839923822207407,0.6106381578947369,0.5,0.081
1631338,mouhamadou_gueye,Mouhamadou Gueye,chi,F,PF,81.0,False,0.0,45.44166666666667,27.0,2,45.44166666666667,6,11,1,5,3,4,2,4,6,6,3,2,1,4,16,0.138,0.039,0.2,0.75,15.76,22.720833333333335,53.591364814814824,0.8333333333333334,0.2,0.75,0.6562768156642484,0.30643069143673735,0.7734682572655153,0.1903553299492386,0.03731944515522245,0.039,0.0761609907120743,0.018659722577611226,0.009329861288805613,0.8190625,0.5,0.138
1628964,mo_bamba,Mo Bamba,uta,X,C,,False,0.0,43.8,28.0,4,43.8,5,11,0,0,0,0,10,12,22,1,2,0,3,6,10,0.123,0.208,0.0,0.0,13.0,10.95,25.827637398373987,0.45454545454545453,0.0,0.0,0.5000204309822845,0.35964603715510607,0.7828555601717214,0.15384615384615385,0.0580773214701564,0.208,0.006053447512180718,0.0,0.0290386607350782,0.679671052631579,0.5,0.123
1641815,isaiah_stevens,Isaiah Stevens,sac,G,PG,71.0,False,0.0,42.78333333333333,25.0,3,42.78333333333333,3,7,0,1,4,4,2,1,3,10,2,5,0,2,10,0.107,0.043,0.0,1.0,10.76,14.261111111111111,33.63751659138814,0.5,0.0,1.0,0.5312768156642484,0.32695094286827825,0.8448968286940868,0.1858736059479554,0.019819140478323727,0.043,0.08218079775506114,0.04954785119580932,0.0,0.7188815789473685,0.5,0.107
1642389,zyon_pullin,Zyon Pullin,min,G,SG,76.0,False,0.0,42.583333333333336,25.0,5,42.583333333333336,9,13,1,3,4,4,1,2,3,9,3,1,0,6,23,0.167,0.03,0.333,1.0,17.759999999999998,8.516666666666667,20.088162420957545,0.8,0.333,1.0,0.6750214525313988,0.353573874734697,0.8448968286940868,0.16891891891891894,0.05973667351216087,0.03,0.04409392364222978,0.009956112252026812,0.0,0.6508552631578948,0.5123076923076924,0.167
1630621,hunter_dickinson,Hunter Dickinson,nop,C,C,85.0,False,0.0,42.47833333333333,25.0,5,42.47833333333333,5,14,0,4,2,2,2,3,5,2,3,1,2,6,12,0.162,0.036,0.0,1.0,17.880000000000003,8.495666666666667,20.038629965672992,0.5,0.0,1.0,0.5250214525313988,0.2568900265393615,0.8190463001431012,0.16778523489932884,0.0598843335126029,0.036,0.009724281055440261,0.009980722252100485,0.01996144450420097,0.6506065789473685,0.5,0.162
1642910,john_tonje,John Tonje,bos,G,SG,76.0,False,0.0,41.89833333333333,25.0,6,41.89833333333333,4,14,3,10,4,4,0,6,6,2,0,2,0,5,15,0.157,0.0,0.3,1.0,15.76,6.983055555555556,16.47085176452876,0.25,0.3,1.0,0.464316360759141,0.32982301857755303,0.8448968286940868,0.0,0.05059442858492482,0.0,0.008036064288514307,0.020237771433969928,0.0,0.6326940789473685,0.48857142857142855,0.157
203967,dario_saric,Dario Saric,sac,X,C,,False,0.0,41.248333333333335,32.0,5,41.248333333333335,1,6,1,3,2,2,1,5,6,2,2,0,0,3,5,0.1,0.03,0.333,1.0,8.879999999999999,8.249666666666666,19.458392632339656,0.0,0.333,1.0,0.4231099269713826,0.353573874734697,0.8190463001431012,0.22522522522522526,0.03083502380370339,0.03,0.00967095176317962,0.0,0.0,0.6476934210526316,0.5,0.1
1643047,cj_huntley,CJ Huntley,phx,F,SF,83.0,False,0.0,40.4,24.0,4,40.4,6,11,0,3,0,0,2,3,5,2,0,1,0,2,12,0.107,0.053,0.0,0.0,11.0,10.1,23.82275230352304,0.75,0.0,0.0,0.6389127250348875,0.27665079781162005,0.7828555601717214,0.0,0.02098833894713573,0.053,0.012658227848101266,0.010494169473567865,0.0,0.6696052631578948,0.5,0.107
1641794,dillon_jones,Dillon Jones,nyk,F,SF,77.0,False,0.0,39.388333333333335,24.0,7,39.388333333333335,2,9,1,5,4,4,2,5,7,4,0,3,0,6,9,0.111,0.05,0.2,1.0,10.76,5.626904761904762,13.272114690927864,0.25,0.2,1.0,0.464316360759141,0.30643069143673735,0.8448968286940868,0.0,0.0645822370513989,0.05,0.013477975016436555,0.03229111852569945,0.0,0.6166343984962407,0.5,0.111
1630846,olivier_sarr,Olivier Sarr,cle,C,C,82.0,False,0.0,39.35,27.0,4,39.35,5,7,2,3,2,5,2,9,11,5,2,2,3,9,14,0.108,0.069,0.667,0.4,11.2,9.8375,23.20359661246613,0.75,0.667,0.4,0.607173503616284,0.4304969516577739,0.6552370401144809,0.17857142857142858,0.09696772606325986,0.069,0.029697233087063592,0.021548383569613302,0.03232257535441995,0.6664967105263159,0.5,0.108
1627746,skal_labissiere,Skal Labissiere,was,X,PF,,False,0.0,37.55,30.0,3,37.55,6,10,1,5,0,0,3,6,9,3,1,2,1,3,13,0.117,0.07,0.2,0.0,11.0,12.516666666666666,29.52291580849142,1.0,0.2,0.0,0.7000286033751983,0.30643069143673735,0.7828555601717214,0.09090909090909091,0.033871993081129835,0.07,0.025122549019607844,0.022581328720753222,0.011290664360376611,0.6982236842105264,0.548,0.117
1642402,enrique_freeman,Enrique Freeman,min,F,PF,81.0,False,0.0,37.208333333333336,25.0,4,37.208333333333336,4,8,2,4,3,4,2,8,10,2,2,2,3,5,13,0.113,0.053,0.5,0.75,11.76,9.302083333333334,21.94071556007227,0.5,0.5,0.75,0.5357449321877125,0.39974716939650434,0.7734682572655153,0.17006802721088435,0.056971706167813,0.053,0.012012891883973044,0.0227886824671252,0.0341830237006878,0.66015625,0.5,0.113
1642911,rocco_zikarsky,Rocco Zikarsky,min,C,C,87.0,False,0.0,36.48333333333333,19.0,5,36.48333333333333,5,8,0,0,4,4,2,12,14,2,1,0,5,3,14,0.131,0.067,0.0,1.0,10.76,7.296666666666665,17.21056263775971,0.625,0.0,1.0,0.5833571694793319,0.35964603715510607,0.8448968286940868,0.0929368029739777,0.03486231174590476,0.067,0.009610313507178435,0.0,0.05810385290984127,0.6364078947368421,0.5,0.131
1642917,max_shulga,Max Shulga,bos,G,SG,76.0,False,17.791666666666668,18.48333333333333,24.0,11,36.275,2,8,1,4,2,2,3,3,6,2,3,1,0,10,7,0.128,0.07,0.25,1.0,11.88,3.2977272727272724,7.778310889381621,0.25,0.25,1.0,0.464316360759141,0.3283185979679329,0.8190463001431012,0.2525252525252525,0.11687510592202392,0.07,0.0043326640600232485,0.011687510592202393,0.0,0.589052033492823,0.5,0.128
1628365,markelle_fultz,Markelle Fultz,tor,X,PG,,False,0.0,35.766666666666666,28.0,5,35.766666666666666,2,11,0,0,0,0,0,1,1,8,4,2,0,2,4,0.163,0.0,0.0,0.0,15.0,7.153333333333333,16.872483974706416,0.18181818181818182,0.0,0.0,0.35716328812514164,0.35964603715510607,0.7828555601717214,0.26666666666666666,0.023707238400678943,0.0,0.03789498007047542,0.023707238400678943,0.0,0.6347105263157895,0.5,0.163
1642403,isaac_jones,Isaac Jones,det,F,PF,80.0,False,14.0,21.683333333333334,25.0,7,35.68333333333333,3,7,0,2,3,4,2,3,5,1,1,0,1,4,9,0.119,0.053,0.0,0.75,9.76,5.097619047619047,12.023694644470256,0.6,0.0,0.75,0.566695270041865,0.2997050309625884,0.7734682572655153,0.10245901639344263,0.047525206546340036,0.053,0.0033233363054227124,0.0,0.011881301636585009,0.6103665413533835,0.5,0.119
1641761,grant_nelson,Grant Nelson,bkn,X,PF,,False,0.0,35.01,24.0,4,35.01,5,9,0,0,7,10,1,5,6,5,4,1,5,6,17,0.222,0.029,0.0,0.7,17.4,8.7525,20.644419756097562,0.5555555555555556,0.0,0.7,0.5526541605593671,0.35964603715510607,0.7414277800858607,0.2298850574712644,0.072658859765577,0.029,0.03452922351355903,0.012109809960929498,0.060549049804647495,0.6536480263157896,0.5,0.222
1641801,emanuel_miller,Emanuel Miller,sas,F,PF,77.0,False,0.0,33.05,26.0,5,33.05,6,13,2,6,1,2,1,2,3,4,0,2,0,2,15,0.169,0.026,0.333,0.5,13.88,6.609999999999999,15.59092997289973,0.5714285714285714,0.333,0.5,0.5588487676839985,0.3497787732219413,0.7357129668097678,0.0,0.025655942313594058,0.026,0.01893983138930593,0.025655942313594058,0.0,0.6282763157894737,0.5,0.169
1643141,jahmyl_telfort,Jahmyl Telfort,lac,X,PF,,False,0.0,32.03333333333333,25.0,8,32.03333333333333,0,4,0,4,1,4,0,3,3,1,1,1,0,5,1,0.093,0.0,0.0,0.25,6.76,4.004166666666666,9.44458125564589,0.0,0.0,0.25,0.5500429050627974,0.2568900265393615,0.6306111144083725,0.14792899408284024,0.06617551197692119,0.0,0.003085490668272125,0.01323510239538424,0.0,0.5974177631578947,0.5,0.093
1642951,sean_pedulla,Sean Pedulla,lac,G,PG,73.0,False,0.0,31.0,23.0,7,31.0,5,15,3,10,0,0,0,3,3,5,1,0,0,4,13,0.219,0.0,0.3,0.0,16.0,4.428571428571429,10.445619821912507,0.4,0.3,0.0,0.5000286033751983,0.32982301857755303,0.7828555601717214,0.0625,0.05470508990092151,0.0,0.017947819996497985,0.0,0.0,0.6024436090225564,0.5,0.219
1631127,harrison_ingram,Harrison Ingram,sas,F,SF,77.0,False,0.0,26.116666666666667,23.0,7,26.116666666666667,5,6,1,1,0,0,3,0,3,1,1,0,0,2,11,0.104,0.125,1.0,0.0,7.0,3.730952380952381,8.800153903729514,0.8,1.0,0.0,0.6333619367085317,0.41786003377736913,0.7828555601717214,0.14285714285714285,0.03246696465083408,0.125,0.0033436633501875714,0.0,0.0,0.5941823308270677,0.5,0.104
1641813,mark_sears,Mark Sears,mil,X,PG,,False,0.0,26.081666666666667,24.0,7,26.081666666666667,6,13,4,8,6,8,1,1,2,2,4,0,0,4,22,0.344,0.053,0.5,0.75,20.52,3.725952380952381,8.788360461995097,0.4,0.5,0.75,0.5000286033751983,0.42202557619728115,0.7682530889842897,0.19493177387914232,0.06502106665966771,0.053,0.007154386424115517,0.0,0.0,0.594123120300752,0.5,0.344
1642282,hunter_sallis,Hunter Sallis,phi,X,SG,,False,0.0,25.67333333333333,23.0,7,25.67333333333333,3,5,0,0,1,2,0,1,1,4,5,0,1,2,7,0.169,0.0,0.0,0.5,10.879999999999999,3.667619047619047,8.650770308426894,0.6,0.0,0.5,0.566695270041865,0.35964603715510607,0.7357129668097678,0.4595588235294118,0.03302761205391912,0.0,0.013834992407626118,0.0,0.01651380602695956,0.5934323308270677,0.5,0.169
1631115,orlando_robinson,Orlando Robinson,orl,X,C,,True,13.116666666666667,11.7,25.0,4,24.816666666666663,3,5,1,2,0,0,2,2,4,3,0,1,0,3,7,0.081,0.069,0.5,0.0,5.0,6.204166666666666,14.63369561878952,0.6666666666666666,0.5,0.0,0.5769560808175365,0.3830383642959217,0.7828555601717214,0.0,0.05125157851698155,0.069,0.0186278964107224,0.017083859505660517,0.0,0.6234703947368422,0.5,0.081
1643060,hayden_gray,Hayden Gray,uta,G,SG,76.0,False,0.0,24.75,23.0,1,24.75,2,3,0,1,2,2,0,0,0,1,1,1,1,0,6,0.079,0.0,0.0,1.0,4.88,24.75,58.37753658536586,1.0,0.0,1.0,0.6250357542189978,0.32695094286827825,0.8190463001431012,0.20491803278688525,0.0,0.0,0.024661654135338346,0.01712987663564209,0.01712987663564209,0.8430921052631579,0.5,0.079
1642884,vladislav_goldin,Vladislav Goldin,mia,C,C,84.0,False,0.0,23.961666666666662,25.0,9,23.961666666666662,3,4,0,0,1,1,3,6,9,3,3,0,3,5,7,0.101,0.111,0.0,1.0,7.44,2.662407407407407,6.279789326508079,0.75,0.0,1.0,0.607173503616284,0.35964603715510607,0.802595963792474,0.4032258064516129,0.08846722822538955,0.111,0.007689422355588897,0.0,0.05308033693523372,0.5815285087719299,0.5,0.101
1641807,norchad_omier,Norchad Omier,lac,F,PF,79.0,False,0.0,23.666666666666668,24.0,6,23.666666666666668,7,10,0,1,3,3,4,3,7,2,0,1,0,4,17,0.18,0.129,0.0,1.0,11.32,3.9444444444444446,9.30371514604035,0.7777777777777778,0.0,1.0,0.657917318454104,0.32695094286827825,0.8329658155167088,0.0,0.07165596282796761,0.129,0.008471949581568342,0.017913990706991904,0.0,0.5967105263157895,0.5,0.18
1631457,alex_morales,Alex Morales,orl,G,PG,78.0,False,0.0,23.58333333333333,28.0,4,23.58333333333333,3,7,0,1,2,2,1,2,3,4,4,0,0,7,8,0.203,0.043,0.0,1.0,11.879999999999999,5.895833333333332,13.90643337850045,0.5,0.0,1.0,0.5312768156642484,0.32695094286827825,0.8190463001431012,0.3367003367003367,0.1258410371925792,0.043,0.02483719521429653,0.0,0.0,0.6198190789473684,0.5,0.203
1643257,jayson_kent,Jayson Kent,por,F,SF,80.0,False,0.0,22.466666666666665,24.0,5,22.466666666666665,4,7,1,4,1,1,0,5,5,0,0,1,1,1,10,0.137,0.0,0.25,1.0,7.44,4.493333333333333,10.598372971996387,1.0,0.25,1.0,0.6538791577406134,0.3283185979679329,0.802595963792474,0.0,0.01887082107116358,0.0,0.0,0.01887082107116358,0.01887082107116358,0.6032105263157895,0.5,0.137
1630658,colin_castleton,Colin Castleton,orl,C,C,82.0,False,0.0,21.383333333333333,26.0,4,21.383333333333333,2,5,0,0,1,1,2,6,8,1,2,1,0,2,5,0.14,0.105,0.0,1.0,7.44,5.345833333333333,12.609154787714544,0.4,0.0,1.0,0.5000286033751983,0.35964603715510607,0.802595963792474,0.26881720430107525,0.039653728455071716,0.105,0.00617098133654425,0.019826864227535858,0.0,0.6133059210526316,0.5,0.14
1630828,alex_antetokounmpo,Alex Antetokounmpo,mil,F,SF,80.0,False,0.0,20.63833333333333,24.0,6,20.63833333333333,3,8,2,7,11,15,2,4,6,1,1,0,1,1,19,0.314,0.083,0.286,0.733,15.6,3.4397222222222212,8.113232722071663,1.0,0.286,0.733,0.5909480955116341,0.32920355126770945,0.7531422240686885,0.06410256410256411,0.020542571916279184,0.083,0.004136400322841001,0.0,0.020542571916279184,0.590733552631579,0.5,0.314
1629634,brandon_clarke,Brandon Clarke,mem,F,PF,80.0,True,20.438333333333333,0.0,29.0,2,20.438333333333333,3,9,0,0,2,4,4,2,6,1,0,2,0,5,8,0.193,0.154,0.0,0.5,10.76,10.219166666666666,24.10382933152665,0.3333333333333333,0.0,0.5,0.4473910026646303,0.35964603715510607,0.7020396858369439,0.0,0.10371795973223724,0.154,0.012549739822467095,0.041487183892894894,0.0,0.671016447368421,0.5,0.193
1641753,chris_livingston,Chris Livingston,cle,X,SF,,False,0.0,17.426666666666666,22.0,3,17.426666666666666,4,7,0,3,1,1,0,3,3,1,0,1,0,4,9,0.189,0.0,0.0,1.0,7.44,5.808888888888888,13.701358530563084,1.0,0.0,1.0,0.6786020750448554,0.27665079781162005,0.802595963792474,0.0,0.09731395104792848,0.0,0.007934971937294368,0.02432848776198212,0.0,0.6187894736842106,0.5,0.189
1631210,jacob_toppin,Jacob Toppin,atl,X,SF,,False,0.0,16.866666666666667,26.0,5,16.866666666666667,4,6,0,0,0,0,0,1,1,1,0,0,1,1,8,0.14,0.0,0.0,0.0,6.0,3.3733333333333335,7.9566420234869035,0.6666666666666666,0.0,0.0,0.5937768156642484,0.35964603715510607,0.7828555601717214,0.0,0.025136232019692197,0.0,0.0046731635037328325,0.0,0.025136232019692197,0.5899473684210527,0.5,0.14
1642368,nfaly_dante,N'Faly Dante,atl,X,C,,False,0.0,15.416666666666666,24.0,4,15.416666666666666,1,4,0,0,1,1,3,4,7,0,1,2,0,1,3,0.119,0.167,0.0,1.0,5.44,3.8541666666666665,9.09077800361337,0.25,0.0,1.0,0.464316360759141,0.35964603715510607,0.802595963792474,0.1838235294117647,0.027500396544787576,0.167,0.0,0.05500079308957515,0.0,0.5956414473684211,0.5,0.119
1631205,buddy_boeheim,Buddy Boeheim,okc,X,SF,,False,0.0,15.003333333333334,26.0,4,15.003333333333334,2,6,2,6,0,0,0,0,0,0,0,0,0,1,6,0.158,0.0,0.333,0.0,6.0,3.7508333333333335,8.847046874435412,0.0,0.333,0.0,0.5500429050627974,0.3497787732219413,0.7828555601717214,0.0,0.02825801688950067,0.0,0.0,0.0,0.0,0.5944177631578947,0.5,0.158
1631211,trevor_keels,Trevor Keels,mia,G,SG,75.0,False,0.0,14.946666666666667,22.0,8,14.946666666666667,3,12,2,9,0,0,0,2,2,0,0,1,0,0,8,0.261,0.0,0.222,0.0,12.0,1.8683333333333334,4.406816061427281,0.3333333333333333,0.222,0.0,0.5000330038944596,0.29455054587110846,0.7828555601717214,0.0,0.0,0.0,0.0,0.028365150316601813,0.0,0.572125,0.5,0.261
1642935,chucky_hepburn,Chucky Hepburn,tor,G,PG,72.0,False,0.0,13.233333333333333,23.0,2,13.233333333333333,0,6,0,5,0,0,0,1,1,2,1,1,0,2,0,0.219,0.0,0.0,0.0,7.0,6.616666666666666,15.606654561878951,0.0,0.0,0.0,0.5000390046025431,0.2397640247700707,0.7828555601717214,0.14285714285714285,0.06407523124415242,0.0,0.023462088698140197,0.03203761562207621,0.0,0.6283552631578948,0.5,0.219
1641803,tristen_newton,Tristen Newton,hou,G,SG,77.0,False,0.0,12.0,25.0,1,12.0,4,9,2,5,2,3,2,1,3,0,0,1,0,0,12,0.345,0.143,0.4,0.667,10.32,12.0,28.30426016260163,0.5,0.4,0.667,0.5357449321877125,0.37309735810340405,0.7560427385936319,0.0,0.0,0.143,0.0,0.03533037056101181,0.0,0.6921052631578948,0.5,0.345
1641787,tosan_evbuomwan,Tosan Evbuomwan,cha,F,SF,80.0,False,0.0,7.713333333333333,25.0,5,7.713333333333333,0,1,0,0,0,0,1,1,2,0,0,0,0,1,0,0.048,0.091,0.0,0.0,1.0,1.5426666666666666,3.638669889792232,0.0,0.0,0.0,0.5000390046025431,0.35964603715510607,0.7828555601717214,0.0,0.05496514002577464,0.091,0.0,0.0,0.0,0.5682684210526316,0.5,0.048
1641732,colby_jones,Colby Jones,det,X,SG,,False,0.0,6.816666666666666,24.0,1,6.816666666666666,1,3,0,2,0,0,0,4,4,2,0,0,0,1,2,0.158,0.0,0.0,0.0,3.0,6.816666666666666,16.07839223125565,1.0,0.0,0.0,0.5909480955116341,0.2997050309625884,0.7828555601717214,0.0,0.06219527335923839,0.0,0.047153536515238646,0.0,0.0,0.6307236842105264,0.5,0.158
1630649,stanley_umude,Stanley Umude,sas,X,SG,,False,0.0,6.566666666666666,27.0,2,6.566666666666666,1,2,0,1,0,0,0,0,0,1,0,1,0,2,2,0.143,0.0,0.0,0.0,2.0,3.283333333333333,7.74436007226739,1.0,0.0,0.0,0.5909480955116341,0.32695094286827825,0.7828555601717214,0.0,0.12912622743110916,0.0,0.011644419199091169,0.06456311371555458,0.0,0.5888815789473685,0.5,0.143
1642855,noa_essengue,Noa Essengue,chi,F,PF,80.0,False,0.0,6.033333333333333,19.0,2,6.033333333333333,0,3,0,2,0,0,0,0,0,0,0,1,0,1,0,0.188,0.0,0.0,0.0,3.0,3.0166666666666666,7.115376513098465,0.0,0.0,0.0,0.5000390046025431,0.2997050309625884,0.7828555601717214,0.0,0.07027035028709532,0.0,0.0,0.07027035028709532,0.0,0.5857236842105263,0.5,0.188
1642280,trentyn_flowers,Trentyn Flowers,chi,X,SF,,False,0.0,5.55,21.0,2,5.55,2,3,0,1,0,0,1,0,1,1,1,0,0,1,4,0.25,0.1,0.0,0.0,4.0,2.775,6.545360162601626,1.0,0.0,0.0,0.6250357542189978,0.32695094286827825,0.7828555601717214,0.25,0.0763899904021877,0.1,0.012080141426045963,0.0,0.0,0.5828618421052632,0.5,0.25
1642468,darius_brown_ii,Darius Brown II,cle,X,SG,,False,0.0,2.6666666666666665,26.0,1,2.6666666666666665,0,1,0,0,0,0,0,1,1,0,0,0,0,0,0,0.167,0.0,0.0,0.0,1.0,2.6666666666666665,6.2898355916892505,0.0,0.0,0.0,0.5000390046025431,0.35964603715510607,0.7828555601717214,0.0,0.0,0.0,0.0,0.0,0.0,0.5815789473684211,0.5,0.167
